{
  "axis_start": [
    1883.0,
    609.0
  ],
  "axis_end": [
    1763.0,
    3643.0
  ],
  "axis_long": [
    -0.039520846914336126,
    0.9992187461507984
  ],
  "axis_short": [
    -0.9992187461507984,
    -0.039520846914336126
  ],
  "min_long": 415.3068961568082,
  "max_long": 3658.1731759656145,
  "min_short": -2207.055833091015,
  "max_short": -890.9506638964327,
  "margin_cm": 1.0,
  "pixel_scale_cm": 0.00855,
  "rotate_cw90": true,
  "obb_size_before_rotation": [
    3244,
    1318
  ],
  "output_size": [
    1318,
    3244
  ],
  "corners_old": [
    [
      2188.9182819605285,
      502.2071517565683
    ],
    [
      2060.757460152542,
      3742.5399298018283
    ],
    [
      745.6805031873471,
      3690.5263388869225
    ],
    [
      873.8413249953337,
      450.19356084166276
    ]
  ],
  "affine_old_to_new": [
    [
      -0.03952084854245186,
      0.999218761920929,
      -415.306884765625
    ],
    [
      -0.999218761920929,
      -0.03952084854245186,
      2207.055908203125
    ]
  ]
}
