{
  "axis_start": [
    1883.0,
    609.0
  ],
  "axis_end": [
    1763.0,
    3643.0
  ],
  "axis_long": [
    -0.039520846914336126,
    0.9992187461507984
  ],
  "axis_short": [
    -0.9992187461507984,
    -0.039520846914336126
  ],
  "min_long": 424.2185801750452,
  "max_long": 3694.3755134482853,
  "min_short": -2215.0784729706525,
  "max_short": -891.1026941170962,
  "margin_cm": 1.0,
  "pixel_scale_cm": 0.00855,
  "output_size": [
    3272,
    1325
  ],
  "corners_old": [
    [
      2196.5824568220455,
      511.4289350098952
    ],
    [
      2067.343085276299,
      3779.0310455915223
    ],
    [
      744.4016675962217,
      3726.7064015171622
    ],
    [
      873.6410391419683,
      459.10429093553483
    ]
  ],
  "affine_old_to_new": [
    [
      -0.03952084854245186,
      0.999218761920929,
      -424.21856689453125
    ],
    [
      -0.999218761920929,
      -0.03952084854245186,
      2215.078369140625
    ]
  ]
}
