{
  "id": "1",
  "contour_type": "adaptive_bspline",
  "image_size": [
    132,
    324
  ],
  "pixel_scale_cm": 0.08549999999999999,
  "fit": {
    "degree": 3,
    "n_control_points": 29,
    "eval_n": 2000,
    "iou": 0.9307616221562809,
    "optimization_metric": "boundary_mean",
    "metric_value": 0.34686323585222745,
    "hausdorff_px": 2.2930558418090725,
    "knot_params": [
      0.0,
      0.1,
      0.2,
      0.30000000000000004,
      0.4,
      0.455,
      0.5,
      0.6000000000000001,
      0.7000000000000001,
      0.8,
      0.86,
      0.865,
      0.87,
      0.8773529411764706,
      0.8823529411764706,
      0.8873529411764706,
      0.8923529411764706,
      0.8973529411764706,
      0.9023529411764706,
      0.9073529411764706,
      0.9123529411764706,
      0.9173529411764706,
      0.9223529411764706,
      0.9273529411764706,
      0.9323529411764706,
      0.9373529411764706,
      0.9423529411764706,
      0.9466632860040568,
      0.995
    ]
  },
  "control_points": [
    [
      23.477057837835993,
      100.17265736749464
    ],
    [
      27.175317205980118,
      112.06326329256774
    ],
    [
      30.68250083364289,
      123.03918371287173
    ],
    [
      34.640126871596216,
      131.83776632971265
    ],
    [
      37.46282833880661,
      137.32889493965425
    ],
    [
      39.930458527732895,
      139.67607023283355
    ],
    [
      41.77661185119029,
      138.40801828674827
    ],
    [
      42.02756773992508,
      137.868994892523
    ],
    [
      41.999855946245255,
      136.8863003520646
    ],
    [
      41.99826308339346,
      136.14002877332518
    ],
    [
      42.00085289568106,
      135.3282142366023
    ],
    [
      42.00011007827493,
      134.56186719753265
    ],
    [
      41.9988040711171,
      133.77663773537378
    ],
    [
      42.002885863894946,
      132.99297312150378
    ],
    [
      41.99399008784324,
      132.22429272347577
    ],
    [
      42.01209770892551,
      131.41667294138102
    ],
    [
      41.9760017993068,
      130.69091865746614
    ],
    [
      42.04629267110998,
      129.8026856633983
    ],
    [
      41.92133176167743,
      129.22244643541453
    ],
    [
      42.15837307927061,
      127.53253995457324
    ],
    [
      41.756445229793236,
      126.26696865092204
    ],
    [
      42.38315767677027,
      121.6261143130866
    ],
    [
      41.32448048614833,
      117.07562429870381
    ],
    [
      43.08311730898541,
      105.13194977473893
    ],
    [
      39.962266653925944,
      96.99213913206911
    ],
    [
      43.464870816725515,
      81.08546999622612
    ],
    [
      35.79315929032484,
      75.49427623673184
    ],
    [
      19.076119472854117,
      76.2976631495569
    ],
    [
      22.90687631313591,
      88.84057240373457
    ]
  ],
  "notes": {}
}
