{
  "id": "10",
  "contour_type": "adaptive_bspline",
  "image_size": [
    132,
    324
  ],
  "pixel_scale_cm": 0.08549999999999999,
  "fit": {
    "degree": 3,
    "n_control_points": 28,
    "eval_n": 2000,
    "iou": 0.9341772151898734,
    "optimization_metric": "boundary_mean",
    "metric_value": 0.16307898798538462,
    "hausdorff_px": 0.9825383754352494,
    "knot_params": [
      0.0,
      0.1,
      0.2,
      0.30000000000000004,
      0.315,
      0.32,
      0.4,
      0.5,
      0.6000000000000001,
      0.7000000000000001,
      0.8,
      0.805,
      0.81,
      0.8173529411764706,
      0.8223529411764706,
      0.8273529411764706,
      0.8323529411764706,
      0.8373529411764706,
      0.8423529411764706,
      0.8473529411764706,
      0.8523529411764706,
      0.8573529411764707,
      0.8623529411764707,
      0.8673529411764707,
      0.8723529411764707,
      0.8773529411764707,
      0.9,
      0.995
    ]
  },
  "control_points": [
    [
      54.3181654907317,
      227.63974758525524
    ],
    [
      56.02278698106716,
      236.25743730869377
    ],
    [
      52.963302620205035,
      249.01204259902258
    ],
    [
      62.699259852959756,
      247.885520430716
    ],
    [
      68.30144838794317,
      247.99628703746984
    ],
    [
      71.57531583323892,
      248.01496027248058
    ],
    [
      73.0525983861656,
      247.99064767993278
    ],
    [
      73.67922082822311,
      248.00733066556717
    ],
    [
      74.26204327592454,
      247.9893954561615
    ],
    [
      74.89223246661747,
      248.0472332022384
    ],
    [
      75.05655992744622,
      247.65842572416946
    ],
    [
      74.97215640548298,
      247.02005995339152
    ],
    [
      75.01295626713848,
      246.51147478170583
    ],
    [
      74.99547566313517,
      245.93399821259626
    ],
    [
      74.99838352815094,
      245.3987455261093
    ],
    [
      75.00827606600434,
      244.8272432831853
    ],
    [
      74.98305547035167,
      244.30164015461597
    ],
    [
      75.02941822863345,
      243.542654398769
    ],
    [
      74.94080444779998,
      241.91678243391235
    ],
    [
      75.08963631162881,
      239.08215878873366
    ],
    [
      74.86415949015044,
      234.8847131596231
    ],
    [
      75.25330533409257,
      228.5376119754303
    ],
    [
      74.51213455163021,
      221.59804087902796
    ],
    [
      76.35212727477153,
      211.3779199989809
    ],
    [
      66.31095100858305,
      213.50514513018345
    ],
    [
      60.510262303260404,
      212.9078739868296
    ],
    [
      53.818705842004675,
      212.4860410903695
    ],
    [
      55.65399518959632,
      219.27399180388372
    ]
  ],
  "notes": {}
}
