{
  "id": "10",
  "contour_type": "adaptive_bspline",
  "image_size": [
    132,
    327
  ],
  "pixel_scale_cm": 0.0855,
  "fit": {
    "degree": 3,
    "n_control_points": 13,
    "eval_n": 2000,
    "iou": 0.926829268292683,
    "optimization_metric": "boundary_mean",
    "metric_value": 0.2445880056964006,
    "hausdorff_px": 1.4063137719984464,
    "knot_params": [
      0.0,
      0.1,
      0.2,
      0.30000000000000004,
      0.31041666666666673,
      0.3208333333333334,
      0.4,
      0.495,
      0.5046153846153846,
      0.6000000000000001,
      0.7000000000000001,
      0.8,
      0.9
    ]
  },
  "control_points": [
    [
      54.02986732845781,
      223.40988693652372
    ],
    [
      53.97597264687865,
      230.5792094728145
    ],
    [
      54.08596197362474,
      239.1108217660406
    ],
    [
      53.239530509168596,
      248.85128879561205
    ],
    [
      66.97360402405579,
      246.26152688028267
    ],
    [
      76.7200749909804,
      247.89294442269136
    ],
    [
      74.62136194257702,
      232.10064293387936
    ],
    [
      74.55341089316015,
      223.47534608926657
    ],
    [
      76.20459895865054,
      211.80765874700816
    ],
    [
      67.33615599875974,
      211.701196451782
    ],
    [
      60.33333331147201,
      212.42277619973206
    ],
    [
      53.86678801198022,
      211.03085357020254
    ],
    [
      53.957092209525754,
      217.16207292090044
    ]
  ],
  "notes": {}
}
