{
  "id": "11",
  "contour_type": "adaptive_bspline",
  "image_size": [
    132,
    327
  ],
  "pixel_scale_cm": 0.0855,
  "fit": {
    "degree": 3,
    "n_control_points": 13,
    "eval_n": 2000,
    "iou": 0.9320148331273177,
    "optimization_metric": "boundary_mean",
    "metric_value": 0.24417577926720388,
    "hausdorff_px": 1.5034824723257,
    "knot_params": [
      0.0,
      0.1,
      0.2,
      0.30000000000000004,
      0.4,
      0.49,
      0.49961538461538463,
      0.5092307692307693,
      0.6000000000000001,
      0.7000000000000001,
      0.8,
      0.8200000000000001,
      0.9
    ]
  },
  "control_points": [
    [
      83.03358230600875,
      223.36840810625736
    ],
    [
      82.96508501292924,
      230.80504748806703
    ],
    [
      83.11738845083867,
      237.23612944801812
    ],
    [
      82.2937342737248,
      248.57308934750137
    ],
    [
      91.46891602117923,
      245.91334614959314
    ],
    [
      101.84365203691438,
      248.6333255712493
    ],
    [
      105.04677414502302,
      242.83839423803568
    ],
    [
      103.60324629284426,
      229.74622060820383
    ],
    [
      102.98273171832372,
      223.4736936454416
    ],
    [
      103.96781326565174,
      209.05279893668668
    ],
    [
      91.36649204132121,
      213.70212520925753
    ],
    [
      82.54021274243414,
      210.15268763395667
    ],
    [
      82.98462658855172,
      218.15737151590085
    ]
  ],
  "notes": {}
}
