{
  "id": "11",
  "contour_type": "adaptive_bspline",
  "image_size": [
    132,
    324
  ],
  "pixel_scale_cm": 0.08549999999999999,
  "fit": {
    "degree": 3,
    "n_control_points": 36,
    "eval_n": 2000,
    "iou": 0.9130982367758187,
    "optimization_metric": "boundary_mean",
    "metric_value": 0.15884394267556792,
    "hausdorff_px": 0.9289164816822372,
    "knot_params": [
      0.0,
      0.1,
      0.2,
      0.30000000000000004,
      0.3113636363636364,
      0.3151515151515152,
      0.34,
      0.36,
      0.375,
      0.4,
      0.425,
      0.43,
      0.5,
      0.5073529411764706,
      0.5123529411764706,
      0.5173529411764706,
      0.5223529411764706,
      0.5273529411764706,
      0.5323529411764706,
      0.5373529411764706,
      0.5423529411764706,
      0.5473529411764706,
      0.5523529411764706,
      0.5573529411764706,
      0.5623529411764706,
      0.5673529411764706,
      0.5723529411764706,
      0.6000000000000001,
      0.7000000000000001,
      0.8,
      0.805,
      0.81,
      0.8150000000000001,
      0.8200000000000001,
      0.8250000000000001,
      0.9
    ]
  },
  "control_points": [
    [
      83.9281643061427,
      216.9140481340397
    ],
    [
      84.03906174501685,
      218.7707822798413
    ],
    [
      83.98273176700947,
      221.20809653649766
    ],
    [
      84.0098665867094,
      223.759906557798
    ],
    [
      83.9939101203111,
      226.6588420195065
    ],
    [
      84.00341839530974,
      229.64087458906897
    ],
    [
      83.99741158579195,
      232.31655643904404
    ],
    [
      84.00206056968588,
      234.15954732095227
    ],
    [
      83.99799691552992,
      235.39198133843402
    ],
    [
      84.00466215941474,
      235.9646947042133
    ],
    [
      83.99174390944972,
      236.55674836607494
    ],
    [
      84.01288454515564,
      237.07910824318006
    ],
    [
      83.98088711322941,
      237.7086798909583
    ],
    [
      84.02771302426933,
      238.18020470307204
    ],
    [
      83.9602511981419,
      238.88021824168413
    ],
    [
      84.05667336235865,
      239.25304962706747
    ],
    [
      83.91989013091089,
      240.09111847154813
    ],
    [
      84.10752138825839,
      240.28244460174673
    ],
    [
      83.83720737395151,
      241.5965574462878
    ],
    [
      84.35208160964423,
      242.50976264679963
    ],
    [
      82.95349329719303,
      248.7333220796983
    ],
    [
      88.10672501043891,
      247.19971816601011
    ],
    [
      93.20718725880413,
      247.99835832359204
    ],
    [
      97.71410686179536,
      247.6253454854163
    ],
    [
      101.15558435872168,
      248.2636624940298
    ],
    [
      102.53268241255108,
      247.85214468500624
    ],
    [
      104.07399172090066,
      248.38587341707714
    ],
    [
      104.04270190146644,
      245.3037385188472
    ],
    [
      103.887743083229,
      240.32640374322614
    ],
    [
      104.21342263931568,
      232.07705011423093
    ],
    [
      103.53644429342475,
      222.7672721647279
    ],
    [
      105.40518852059034,
      210.77929182524755
    ],
    [
      93.39223390889678,
      213.8384154709718
    ],
    [
      88.7588339933409,
      212.6652692745278
    ],
    [
      83.50295600851959,
      212.86584053327505
    ],
    [
      84.13605074156257,
      214.3637575803238
    ]
  ],
  "notes": {}
}
