{
  "id": "12",
  "contour_type": "adaptive_bspline",
  "image_size": [
    132,
    324
  ],
  "pixel_scale_cm": 0.08549999999999999,
  "fit": {
    "degree": 3,
    "n_control_points": 32,
    "eval_n": 2000,
    "iou": 0.9177897574123989,
    "optimization_metric": "boundary_mean",
    "metric_value": 0.19005683926187494,
    "hausdorff_px": 0.8538061718157854,
    "knot_params": [
      0.0,
      0.045,
      0.05,
      0.1,
      0.2,
      0.30000000000000004,
      0.385,
      0.39,
      0.4,
      0.435,
      0.45,
      0.465,
      0.485,
      0.5,
      0.535,
      0.540952380952381,
      0.5473529411764706,
      0.5547058823529412,
      0.5620588235294117,
      0.5660910815939278,
      0.570123339658444,
      0.5767647058823528,
      0.5841176470588234,
      0.6000000000000001,
      0.7000000000000001,
      0.8,
      0.865,
      0.88,
      0.885,
      0.8906818181818182,
      0.8956818181818182,
      0.9006818181818183
    ]
  },
  "control_points": [
    [
      90.49882652389414,
      131.3172026450933
    ],
    [
      89.75593755033296,
      133.8947229107697
    ],
    [
      90.12689036301136,
      137.01356043754922
    ],
    [
      89.92104557074155,
      138.7720357109177
    ],
    [
      90.04073956078835,
      141.0389313635429
    ],
    [
      89.9772080862013,
      143.11311878363554
    ],
    [
      90.01462046089154,
      145.25844640876647
    ],
    [
      89.99025954362523,
      147.28881464684545
    ],
    [
      90.00912438443642,
      149.09488660089715
    ],
    [
      89.98848805892561,
      150.41057956991912
    ],
    [
      90.01920070331877,
      151.41567075545484
    ],
    [
      89.9549961434885,
      152.0810215003342
    ],
    [
      90.08660809975525,
      152.78084994606445
    ],
    [
      89.85352553976801,
      153.3070462637253
    ],
    [
      90.22431081559601,
      154.1773046385452
    ],
    [
      89.6001658623948,
      155.58869942649255
    ],
    [
      90.48181029466309,
      160.17996135676307
    ],
    [
      95.49310483193402,
      159.3920616845361
    ],
    [
      100.65728036575794,
      159.44940890550237
    ],
    [
      107.58203789714895,
      158.8187208903146
    ],
    [
      106.52823120109132,
      152.05304226482988
    ],
    [
      107.33156348261329,
      150.1135446961694
    ],
    [
      106.72012663703688,
      148.25683477870817
    ],
    [
      107.96858533532674,
      147.47166363339838
    ],
    [
      108.14616203653682,
      144.49920151232365
    ],
    [
      107.79116046577393,
      140.9742737127007
    ],
    [
      108.3404332050038,
      135.68952239680934
    ],
    [
      107.39183764209011,
      131.57622212288217
    ],
    [
      109.23369904248857,
      123.6615688989462
    ],
    [
      103.49166214600724,
      121.14249841794147
    ],
    [
      94.59836920833882,
      122.39903111955111
    ],
    [
      88.81165480192153,
      123.21055021318183
    ]
  ],
  "notes": {}
}
