{
  "id": "12",
  "contour_type": "adaptive_bspline",
  "image_size": [
    132,
    327
  ],
  "pixel_scale_cm": 0.0855,
  "fit": {
    "degree": 3,
    "n_control_points": 19,
    "eval_n": 2000,
    "iou": 0.9220055710306406,
    "optimization_metric": "boundary_mean",
    "metric_value": 0.22194511125818828,
    "hausdorff_px": 1.0914157664616824,
    "knot_params": [
      0.0,
      0.1,
      0.14,
      0.14961538461538462,
      0.15923076923076923,
      0.2,
      0.30000000000000004,
      0.4,
      0.48,
      0.4878125,
      0.495625,
      0.5034375,
      0.6000000000000001,
      0.61,
      0.616578947368421,
      0.623157894736842,
      0.7000000000000001,
      0.8,
      0.9
    ]
  },
  "control_points": [
    [
      88.54602291460459,
      120.09859309617244
    ],
    [
      90.47230492123634,
      129.80235096634877
    ],
    [
      89.80651454522487,
      134.22279093585738
    ],
    [
      90.10168786699523,
      138.4230120191202
    ],
    [
      89.9325718448238,
      141.4143165577009
    ],
    [
      90.05160067146394,
      144.6770507606097
    ],
    [
      89.9444163498578,
      148.21826154500172
    ],
    [
      90.07080245288718,
      150.7974705327706
    ],
    [
      89.92332489798949,
      155.44510760851793
    ],
    [
      89.60337130617033,
      159.50594034531474
    ],
    [
      99.90133042781639,
      159.42304291883903
    ],
    [
      107.57251461343861,
      158.1693553673469
    ],
    [
      105.75303048399827,
      144.99890401249348
    ],
    [
      109.06306024905143,
      138.40790031275085
    ],
    [
      106.9368417388201,
      130.60181800184847
    ],
    [
      106.80954071247378,
      127.31018934456831
    ],
    [
      107.51704717350636,
      121.82712775044668
    ],
    [
      104.48677180574799,
      120.96557558239039
    ],
    [
      98.52745027362242,
      123.09520188698876
    ]
  ],
  "notes": {}
}
