{
  "id": "13",
  "contour_type": "adaptive_bspline",
  "image_size": [
    132,
    324
  ],
  "pixel_scale_cm": 0.08549999999999999,
  "fit": {
    "degree": 3,
    "n_control_points": 29,
    "eval_n": 2000,
    "iou": 0.8827160493827161,
    "optimization_metric": "boundary_mean",
    "metric_value": 0.1708145711670358,
    "hausdorff_px": 1.0139670704507235,
    "knot_params": [
      0.0,
      0.1,
      0.2,
      0.30000000000000004,
      0.4,
      0.445,
      0.455,
      0.46,
      0.5,
      0.5700000000000001,
      0.5750000000000001,
      0.5819444444444445,
      0.5873792270531402,
      0.5923792270531402,
      0.5973792270531402,
      0.6023792270531402,
      0.6073792270531402,
      0.6123792270531402,
      0.6173792270531402,
      0.6223792270531402,
      0.6273792270531402,
      0.6323792270531402,
      0.6373792270531402,
      0.6423792270531402,
      0.6473792270531402,
      0.7000000000000001,
      0.8,
      0.9,
      0.985
    ]
  },
  "control_points": [
    [
      28.21591666450183,
      34.45980782005754
    ],
    [
      26.72238779051888,
      36.987034324854505
    ],
    [
      25.420901781211896,
      39.29178873062635
    ],
    [
      24.807417237541266,
      41.86559287384107
    ],
    [
      24.870181932823453,
      43.72986207325053
    ],
    [
      23.61510960852867,
      44.336240628759775
    ],
    [
      24.210437026643294,
      45.10067258162677
    ],
    [
      23.9085375991413,
      45.50305270478553
    ],
    [
      24.040071759246015,
      46.051511898533285
    ],
    [
      23.967335637343005,
      46.51699290794861
    ],
    [
      24.075774926871617,
      47.0567797882362
    ],
    [
      23.605021585109707,
      47.35323158037763
    ],
    [
      23.303455612917602,
      47.732088658641665
    ],
    [
      22.891024059063454,
      48.028638828204755
    ],
    [
      23.111203573823488,
      48.68516050226424
    ],
    [
      22.807577948671767,
      48.89944691004565
    ],
    [
      23.350041485964837,
      50.3106582971465
    ],
    [
      22.498967325222246,
      51.468141114238314
    ],
    [
      21.89122181885398,
      56.183768899655334
    ],
    [
      21.581770666893487,
      60.647064544951995
    ],
    [
      19.314294237342754,
      70.45583946043969
    ],
    [
      28.65558427542404,
      70.14064471589681
    ],
    [
      35.41763894943808,
      70.0061565057439
    ],
    [
      33.41137225381374,
      60.181378294487416
    ],
    [
      34.32313117506847,
      52.99808750207943
    ],
    [
      33.816380520294786,
      43.35865290047861
    ],
    [
      34.07410182607526,
      36.09106381147312
    ],
    [
      34.14962478955758,
      28.116944585702498
    ],
    [
      30.42650341272706,
      32.80234827439311
    ]
  ],
  "notes": {}
}
