{
  "id": "13",
  "contour_type": "adaptive_bspline",
  "image_size": [
    132,
    327
  ],
  "pixel_scale_cm": 0.0855,
  "fit": {
    "degree": 3,
    "n_control_points": 20,
    "eval_n": 2000,
    "iou": 0.8768267223382046,
    "optimization_metric": "boundary_mean",
    "metric_value": 0.31311889045232244,
    "hausdorff_px": 1.7370682698648527,
    "knot_params": [
      0.0,
      0.1,
      0.2,
      0.30000000000000004,
      0.4,
      0.5,
      0.56,
      0.5673529411764706,
      0.5736029411764706,
      0.5798529411764706,
      0.5861029411764705,
      0.5923529411764705,
      0.5986029411764705,
      0.6048529411764705,
      0.6111029411764705,
      0.6173529411764704,
      0.6236029411764704,
      0.7000000000000001,
      0.8,
      0.9
    ]
  },
  "control_points": [
    [
      26.576271304696228,
      36.7164666533698
    ],
    [
      24.99408060746788,
      39.17214395141639
    ],
    [
      24.949757718955315,
      39.87187395634214
    ],
    [
      25.098943843727,
      40.79666943122613
    ],
    [
      24.813677467635795,
      41.21988527748701
    ],
    [
      24.32336999308503,
      41.64131550258578
    ],
    [
      23.800523656525698,
      42.18886758377739
    ],
    [
      24.159103370710543,
      42.71669423566098
    ],
    [
      23.832869821395423,
      44.2784077844889
    ],
    [
      23.652493330246173,
      46.003816297883525
    ],
    [
      21.64644961976049,
      51.34599979065267
    ],
    [
      22.643604423623547,
      56.711636588939335
    ],
    [
      17.700089790199822,
      67.97899156062985
    ],
    [
      29.65350330166082,
      70.88023745083092
    ],
    [
      35.874909572943444,
      65.77528981701995
    ],
    [
      33.08896201059803,
      53.60347988761967
    ],
    [
      34.395536162603875,
      43.84993815886925
    ],
    [
      32.62510483131174,
      38.16788884305695
    ],
    [
      33.68772104608361,
      26.03996039271872
    ],
    [
      27.45559757555073,
      34.105950405177275
    ]
  ],
  "notes": {}
}
