{
  "id": "14",
  "contour_type": "adaptive_bspline",
  "image_size": [
    132,
    324
  ],
  "pixel_scale_cm": 0.08549999999999999,
  "fit": {
    "degree": 3,
    "n_control_points": 27,
    "eval_n": 2000,
    "iou": 0.8782608695652174,
    "optimization_metric": "boundary_mean",
    "metric_value": 0.2744409147078941,
    "hausdorff_px": 1.3808388987529392,
    "knot_params": [
      0.03,
      0.03568181818181818,
      0.08555555555555575,
      0.18555555555555575,
      0.2855555555555558,
      0.38555555555555576,
      0.425,
      0.4302083333333333,
      0.4352083333333333,
      0.48555555555555574,
      0.505,
      0.51,
      0.5855555555555558,
      0.6855555555555558,
      0.7855555555555558,
      0.8855555555555558,
      0.9305555555555558,
      0.9375000000000002,
      0.9437500000000002,
      0.9500000000000002,
      0.9562500000000002,
      0.9625000000000001,
      0.9687500000000001,
      0.9750000000000001,
      0.9812500000000001,
      0.9875,
      0.99375
    ]
  },
  "control_points": [
    [
      41.987699202086375,
      32.266099779793954
    ],
    [
      40.43553263855867,
      35.37875892296003
    ],
    [
      41.348703766867686,
      37.739416893203924
    ],
    [
      40.632193658623834,
      40.84965541840897
    ],
    [
      41.52867349500012,
      44.5310789144443
    ],
    [
      40.17669314222405,
      51.10639556492808
    ],
    [
      42.50862997641962,
      57.994135990995666
    ],
    [
      37.91083654967477,
      69.92240813566438
    ],
    [
      49.778318587843884,
      71.38946032455489
    ],
    [
      49.78733953181347,
      64.8981163521342
    ],
    [
      49.04700683885869,
      61.92353046443059
    ],
    [
      49.76556119856313,
      59.92511102801712
    ],
    [
      48.53050357972448,
      59.071892587368886
    ],
    [
      49.28539098021192,
      58.20686184936326
    ],
    [
      48.85594016043869,
      57.582806045052166
    ],
    [
      49.04529440325868,
      56.84850797964729
    ],
    [
      49.65491887181225,
      56.3898677695267
    ],
    [
      50.08865429402569,
      55.942459693782475
    ],
    [
      48.956743729508936,
      55.112864639668565
    ],
    [
      48.98330091310324,
      54.30717820423493
    ],
    [
      48.99918050096965,
      51.618638066552116
    ],
    [
      49.327641037191334,
      49.62408032923883
    ],
    [
      49.3184174265638,
      44.258245386446944
    ],
    [
      48.14056628371429,
      37.598842000081305
    ],
    [
      50.77450582856097,
      26.93534855652445
    ],
    [
      45.275321341255655,
      21.77524843840191
    ],
    [
      39.118745331645854,
      27.43310651103319
    ]
  ],
  "notes": {}
}
