{
  "id": "14",
  "contour_type": "adaptive_bspline",
  "image_size": [
    132,
    327
  ],
  "pixel_scale_cm": 0.0855,
  "fit": {
    "degree": 3,
    "n_control_points": 19,
    "eval_n": 2000,
    "iou": 0.8830897703549061,
    "optimization_metric": "boundary_mean",
    "metric_value": 0.33421450093033983,
    "hausdorff_px": 1.8602308030541255,
    "knot_params": [
      0.04159442724458225,
      0.09159442724458225,
      0.19159442724458225,
      0.2915944272445823,
      0.39159442724458227,
      0.49159442724458224,
      0.5915944272445823,
      0.6915944272445823,
      0.7915944272445823,
      0.8915944272445823,
      0.9465944272445823,
      0.9539473684210529,
      0.9605263157894739,
      0.9671052631578949,
      0.9736842105263159,
      0.980263157894737,
      0.986842105263158,
      0.9915944272445822,
      0.993421052631579
    ]
  },
  "control_points": [
    [
      41.72663357350019,
      41.66233475651975
    ],
    [
      39.533231931110414,
      50.131545235391364
    ],
    [
      41.03474157325473,
      57.891377313102396
    ],
    [
      40.81913284808623,
      63.37070858524042
    ],
    [
      40.798732673283915,
      69.7947820066559
    ],
    [
      43.429905696403836,
      68.78476382658778
    ],
    [
      44.92734734461148,
      69.11494531282794
    ],
    [
      45.43466097911133,
      68.89126647254812
    ],
    [
      46.49872336346122,
      69.13545247151812
    ],
    [
      46.803746469280775,
      68.80032870752805
    ],
    [
      48.66474443137833,
      69.37380807387763
    ],
    [
      48.97048860735098,
      68.18429372963104
    ],
    [
      49.21865339447003,
      64.39083798258221
    ],
    [
      48.572117655512784,
      58.984990859624986
    ],
    [
      49.71183397420904,
      50.62448052308751
    ],
    [
      47.80595719641928,
      41.177450817407035
    ],
    [
      51.0873165583172,
      29.39507513281129
    ],
    [
      45.19410673568945,
      18.98082855395178
    ],
    [
      37.42554882394148,
      30.901020567695678
    ]
  ],
  "notes": {}
}
