{
  "id": "15",
  "contour_type": "adaptive_bspline",
  "image_size": [
    132,
    324
  ],
  "pixel_scale_cm": 0.08549999999999999,
  "fit": {
    "degree": 3,
    "n_control_points": 10,
    "eval_n": 2000,
    "iou": 0.8891213389121339,
    "optimization_metric": "boundary_mean",
    "metric_value": 0.2716419274859026,
    "hausdorff_px": 1.035748255953801,
    "knot_params": [
      0.0,
      0.1,
      0.2,
      0.30000000000000004,
      0.4,
      0.5,
      0.6000000000000001,
      0.7000000000000001,
      0.8,
      0.9
    ]
  },
  "control_points": [
    [
      54.94488660281377,
      46.205408493875666
    ],
    [
      57.49776247561574,
      56.36405606810725
    ],
    [
      52.98300615933995,
      68.95477988378791
    ],
    [
      66.47576736389266,
      72.26886177585638
    ],
    [
      64.44727389669033,
      59.009566723966046
    ],
    [
      65.50712220119173,
      49.33388872474834
    ],
    [
      64.19376779069495,
      38.523569844404854
    ],
    [
      66.99598096748606,
      27.16934343391636
    ],
    [
      53.71934549759021,
      22.92162148891322
    ],
    [
      57.158325104621014,
      36.23075685590679
    ]
  ],
  "notes": {}
}
