{
  "id": "15",
  "contour_type": "adaptive_bspline",
  "image_size": [
    132,
    327
  ],
  "pixel_scale_cm": 0.0855,
  "fit": {
    "degree": 3,
    "n_control_points": 10,
    "eval_n": 2000,
    "iou": 0.8860759493670886,
    "optimization_metric": "boundary_mean",
    "metric_value": 0.2733399997517825,
    "hausdorff_px": 1.216015301725633,
    "knot_params": [
      0.0,
      0.1,
      0.2,
      0.30000000000000004,
      0.4,
      0.5,
      0.6000000000000001,
      0.7000000000000001,
      0.8,
      0.9
    ]
  },
  "control_points": [
    [
      54.985839297779464,
      45.46938097676218
    ],
    [
      57.473429755092226,
      55.900649964366316
    ],
    [
      52.97925509204061,
      68.67773447731176
    ],
    [
      66.71374863570375,
      70.9180194386001
    ],
    [
      64.28495275172548,
      57.592214242111645
    ],
    [
      65.65868976907674,
      47.861427395440934
    ],
    [
      64.01865179056763,
      36.42466711166681
    ],
    [
      66.71506957642838,
      27.118875345402916
    ],
    [
      53.85088723398923,
      21.646901179703157
    ],
    [
      57.086743733718876,
      35.52233870082043
    ]
  ],
  "notes": {}
}
