{
  "id": "16",
  "contour_type": "adaptive_bspline",
  "image_size": [
    132,
    327
  ],
  "pixel_scale_cm": 0.0855,
  "fit": {
    "degree": 3,
    "n_control_points": 20,
    "eval_n": 2000,
    "iou": 0.9112903225806451,
    "optimization_metric": "boundary_mean",
    "metric_value": 0.24261021965307497,
    "hausdorff_px": 1.5185260780898941,
    "knot_params": [
      0.0,
      0.1,
      0.2,
      0.30000000000000004,
      0.38,
      0.4,
      0.5,
      0.5750000000000001,
      0.5819444444444445,
      0.5881944444444445,
      0.5944444444444444,
      0.6006944444444444,
      0.6069444444444444,
      0.6131944444444444,
      0.6194444444444444,
      0.6256944444444443,
      0.6319444444444443,
      0.7000000000000001,
      0.8,
      0.9
    ]
  },
  "control_points": [
    [
      71.83144260719374,
      43.31673730725612
    ],
    [
      71.41854668620363,
      46.84692788640887
    ],
    [
      71.70534204299913,
      48.839422594535996
    ],
    [
      71.25012683891786,
      49.79762695252626
    ],
    [
      72.47455156735404,
      50.23685365953588
    ],
    [
      71.74234138521152,
      51.103150299369005
    ],
    [
      72.12741790717853,
      51.503508714484425
    ],
    [
      71.94832345154623,
      52.535059444860615
    ],
    [
      72.046880872515,
      53.11134468347357
    ],
    [
      71.91678757286228,
      56.786732843090896
    ],
    [
      72.22320905881317,
      59.60303555527727
    ],
    [
      71.02686833639405,
      70.61332920087142
    ],
    [
      78.7668085648896,
      67.67080326015338
    ],
    [
      93.58668036271686,
      71.1880606304819
    ],
    [
      91.22491023583373,
      62.233075289314904
    ],
    [
      85.6421437212859,
      53.61071213515195
    ],
    [
      80.80087551423757,
      46.15091627395001
    ],
    [
      76.75588080385268,
      40.03368057441995
    ],
    [
      71.2092507897356,
      31.849378948751077
    ],
    [
      71.20309896992535,
      39.803210725809855
    ]
  ],
  "notes": {}
}
