{
  "id": "16",
  "contour_type": "adaptive_bspline",
  "image_size": [
    132,
    324
  ],
  "pixel_scale_cm": 0.08549999999999999,
  "fit": {
    "degree": 3,
    "n_control_points": 31,
    "eval_n": 2000,
    "iou": 0.9184466019417475,
    "optimization_metric": "boundary_mean",
    "metric_value": 0.15318320957721573,
    "hausdorff_px": 0.6327685005196392,
    "knot_params": [
      0.0,
      0.1,
      0.2,
      0.30000000000000004,
      0.34,
      0.34500000000000003,
      0.4,
      0.5,
      0.545,
      0.55,
      0.555,
      0.5623529411764706,
      0.5673529411764706,
      0.5723529411764706,
      0.5773529411764706,
      0.5823529411764706,
      0.5873529411764706,
      0.5923529411764706,
      0.5973529411764706,
      0.6023529411764706,
      0.6073529411764707,
      0.6123529411764707,
      0.6173529411764707,
      0.6223529411764707,
      0.6273529411764707,
      0.6323529411764707,
      0.7000000000000001,
      0.8,
      0.9,
      0.985,
      0.995
    ]
  },
  "control_points": [
    [
      71.87406562512056,
      44.959780608671366
    ],
    [
      72.08152768702155,
      50.4133350208398
    ],
    [
      71.95081599356732,
      53.60623124188031
    ],
    [
      72.02661152651343,
      55.88241363351098
    ],
    [
      71.98389440534218,
      56.66255503688546
    ],
    [
      72.01132421418261,
      57.31698612291591
    ],
    [
      71.99282580291889,
      57.81456392186793
    ],
    [
      72.00488278649125,
      58.37604965988637
    ],
    [
      71.99583068255042,
      58.8716282263031
    ],
    [
      72.0046615329425,
      59.38779929203044
    ],
    [
      71.99345934659848,
      59.902676246135556
    ],
    [
      72.01037104300687,
      60.3997843172235
    ],
    [
      71.9827062925892,
      60.93904018707666
    ],
    [
      72.02935126937147,
      61.399225083032924
    ],
    [
      71.9500696688729,
      61.998672198468284
    ],
    [
      72.0832623959259,
      62.36008632818929
    ],
    [
      71.87776944292038,
      63.10262751245971
    ],
    [
      72.20831949685534,
      63.7735175601614
    ],
    [
      71.71435224672571,
      66.73117147938567
    ],
    [
      71.91586948377409,
      70.94012358220344
    ],
    [
      80.39311903455453,
      69.5328793277909
    ],
    [
      87.03609186511486,
      70.22296499520546
    ],
    [
      95.90617194158824,
      70.19593975807189
    ],
    [
      91.36149838570863,
      63.669873289978135
    ],
    [
      89.59420944753622,
      60.14981305232437
    ],
    [
      86.30193720270135,
      54.88382181555276
    ],
    [
      82.96541949521519,
      49.2543016322488
    ],
    [
      78.781172584809,
      43.157777319971544
    ],
    [
      75.1002013963639,
      38.286462171926594
    ],
    [
      71.45475831778568,
      33.36489676471534
    ],
    [
      72.22188098432979,
      40.83358571804168
    ]
  ],
  "notes": {}
}
