{
  "id": "2",
  "contour_type": "adaptive_bspline",
  "image_size": [
    132,
    327
  ],
  "pixel_scale_cm": 0.0855,
  "fit": {
    "degree": 3,
    "n_control_points": 10,
    "eval_n": 2000,
    "iou": 0.917004048582996,
    "optimization_metric": "boundary_mean",
    "metric_value": 0.3984458274012458,
    "hausdorff_px": 1.6156687256700604,
    "knot_params": [
      0.0,
      0.1,
      0.2,
      0.30000000000000004,
      0.4,
      0.5,
      0.6000000000000001,
      0.7000000000000001,
      0.8,
      0.9
    ]
  },
  "control_points": [
    [
      46.576310517038046,
      106.50346820858715
    ],
    [
      49.867906668008445,
      121.0383806235365
    ],
    [
      44.090377455538835,
      138.90667429504043
    ],
    [
      65.12653999039848,
      139.86273524147845
    ],
    [
      60.62351067541847,
      122.18847227541892
    ],
    [
      63.10801007744957,
      107.45213148530105
    ],
    [
      60.50222166285781,
      92.81969580184638
    ],
    [
      65.38912826951274,
      75.08881482585032
    ],
    [
      44.32974515111706,
      74.1154920256889
    ],
    [
      49.75485044583264,
      91.67572429001724
    ]
  ],
  "notes": {
    "duplicate_of": "1"
  }
}
