{
  "id": "2",
  "contour_type": "adaptive_bspline",
  "image_size": [
    132,
    324
  ],
  "pixel_scale_cm": 0.08549999999999999,
  "fit": {
    "degree": 3,
    "n_control_points": 30,
    "eval_n": 2000,
    "iou": 0.9164926931106472,
    "optimization_metric": "boundary_mean",
    "metric_value": 0.2498937390988089,
    "hausdorff_px": 1.6431081335466244,
    "knot_params": [
      0.0,
      0.1,
      0.2,
      0.30000000000000004,
      0.4,
      0.41000000000000003,
      0.4165789473684211,
      0.4222607655502393,
      0.42794258373205746,
      0.43362440191387563,
      0.4393062200956938,
      0.495,
      0.5,
      0.5073529411764706,
      0.5123529411764706,
      0.5173529411764706,
      0.5223529411764706,
      0.5273529411764706,
      0.5323529411764706,
      0.5373529411764706,
      0.5423529411764706,
      0.5473529411764706,
      0.6000000000000001,
      0.7000000000000001,
      0.8,
      0.895,
      0.9,
      0.905,
      0.91,
      0.995
    ]
  },
  "control_points": [
    [
      47.68176161821051,
      83.498835077112
    ],
    [
      48.13153533960412,
      83.34716110057168
    ],
    [
      47.925052864046265,
      85.38627210082963
    ],
    [
      48.04329853654704,
      87.2425287463267
    ],
    [
      47.97645697122076,
      90.20529296412238
    ],
    [
      48.017030712234636,
      92.91899768666876
    ],
    [
      47.98818421320896,
      95.14222072167824
    ],
    [
      48.01022968186866,
      96.62673784304927
    ],
    [
      47.98144335533819,
      97.45685782728417
    ],
    [
      48.01201983089859,
      98.28960596452264
    ],
    [
      48.942009278453675,
      98.58276130784772
    ],
    [
      49.02647277074775,
      99.48400039413137
    ],
    [
      47.78856560015609,
      99.5321335125069
    ],
    [
      48.23345548260803,
      101.44063534168244
    ],
    [
      47.992577257467424,
      103.72089172476258
    ],
    [
      48.815283724120555,
      109.4568182610998
    ],
    [
      49.20772407093148,
      118.86507220974352
    ],
    [
      48.828978744945175,
      131.321514012083
    ],
    [
      48.77093632419973,
      141.24391243316958
    ],
    [
      61.45215071431989,
      138.6303878569224
    ],
    [
      62.246373115883124,
      137.33991235542027
    ],
    [
      61.85143847685705,
      131.6151059923026
    ],
    [
      62.15833337206141,
      127.12917239623242
    ],
    [
      61.755457907139366,
      119.70124495858501
    ],
    [
      62.36917836097724,
      108.98215900710159
    ],
    [
      61.36108851644077,
      97.47334110980803
    ],
    [
      63.20225584940507,
      82.03760486229707
    ],
    [
      59.72279502448232,
      74.78793962372328
    ],
    [
      45.928044136613835,
      77.68817677106054
    ],
    [
      48.71129075881776,
      79.03568473345449
    ]
  ],
  "notes": {}
}
