{
  "id": "3",
  "contour_type": "adaptive_bspline",
  "image_size": [
    132,
    324
  ],
  "pixel_scale_cm": 0.08549999999999999,
  "fit": {
    "degree": 3,
    "n_control_points": 31,
    "eval_n": 2000,
    "iou": 0.9125628140703518,
    "optimization_metric": "boundary_mean",
    "metric_value": 0.2554100118432346,
    "hausdorff_px": 1.386756182735127,
    "knot_params": [
      0.0,
      0.1,
      0.2,
      0.30000000000000004,
      0.4,
      0.4073529411764706,
      0.4123529411764706,
      0.4173529411764706,
      0.4223529411764706,
      0.4273529411764706,
      0.4323529411764706,
      0.4373529411764706,
      0.4423529411764706,
      0.4473529411764706,
      0.4523529411764706,
      0.45735294117647063,
      0.46235294117647063,
      0.46735294117647064,
      0.47235294117647064,
      0.47735294117647065,
      0.495,
      0.5,
      0.505,
      0.51,
      0.6000000000000001,
      0.7000000000000001,
      0.8,
      0.895,
      0.9,
      0.905,
      0.91
    ]
  },
  "control_points": [
    [
      68.70506698640338,
      83.06868422013409
    ],
    [
      69.15439065032848,
      82.65753504403695
    ],
    [
      68.93714097150948,
      84.00805752350986
    ],
    [
      69.02263174781534,
      84.53567498395556
    ],
    [
      68.99238006684224,
      85.37932467126738
    ],
    [
      69.00243975581192,
      86.11259300860014
    ],
    [
      68.99931057210893,
      86.88218409133624
    ],
    [
      68.99997305733551,
      87.64083132742599
    ],
    [
      69.00071375554985,
      88.40089739794622
    ],
    [
      68.99785062038076,
      89.16619352706424
    ],
    [
      69.0052637142997,
      89.91537162522238
    ],
    [
      68.98783176361827,
      90.86419976389354
    ],
    [
      69.0241530966616,
      91.8883708133381
    ],
    [
      68.96064833923727,
      93.23086719102174
    ],
    [
      69.06136630551225,
      94.31352323426151
    ],
    [
      68.88870822069293,
      96.74625527297154
    ],
    [
      69.19582915304667,
      100.54211379539308
    ],
    [
      68.68793360308761,
      108.95439164296906
    ],
    [
      69.5292165219486,
      118.78339106279668
    ],
    [
      68.11182317079685,
      133.45108033854888
    ],
    [
      70.4432508864239,
      141.0111926976071
    ],
    [
      83.21251876386485,
      138.7630157601026
    ],
    [
      82.9302935938046,
      136.53458547849883
    ],
    [
      83.12435283948743,
      129.70547452216047
    ],
    [
      82.77035349557312,
      123.14187329394485
    ],
    [
      83.39315020301378,
      110.89442431242453
    ],
    [
      82.31312958964416,
      98.50850518333215
    ],
    [
      84.23708012752444,
      82.41162855808686
    ],
    [
      80.35223894062423,
      74.70291810921361
    ],
    [
      67.01884364571063,
      77.77400169636009
    ],
    [
      69.66881339657351,
      78.77303288100144
    ]
  ],
  "notes": {}
}
