{
  "id": "3",
  "contour_type": "adaptive_bspline",
  "image_size": [
    132,
    327
  ],
  "pixel_scale_cm": 0.0855,
  "fit": {
    "degree": 3,
    "n_control_points": 10,
    "eval_n": 2000,
    "iou": 0.9115426105717368,
    "optimization_metric": "boundary_mean",
    "metric_value": 0.4073844459406402,
    "hausdorff_px": 1.7659360552012628,
    "knot_params": [
      0.0,
      0.1,
      0.2,
      0.30000000000000004,
      0.4,
      0.5,
      0.6000000000000001,
      0.7000000000000001,
      0.8,
      0.9
    ]
  },
  "control_points": [
    [
      67.34059480574749,
      106.17365086608609
    ],
    [
      71.11961858296442,
      119.56893806031869
    ],
    [
      64.76138229634887,
      138.22909635557602
    ],
    [
      84.68395866384974,
      140.24570542843432
    ],
    [
      80.80517169936546,
      122.25095417639024
    ],
    [
      83.11315015380708,
      107.72864636439444
    ],
    [
      80.3164486485566,
      93.14769430097478
    ],
    [
      85.75283238026881,
      75.37309692009784
    ],
    [
      65.60293226300035,
      73.91315055954298
    ],
    [
      70.72937534985142,
      91.81872420063806
    ]
  ],
  "notes": {}
}
