{
  "id": "4",
  "contour_type": "adaptive_bspline",
  "image_size": [
    132,
    327
  ],
  "pixel_scale_cm": 0.0855,
  "fit": {
    "degree": 3,
    "n_control_points": 20,
    "eval_n": 2000,
    "iou": 0.9137055837563451,
    "optimization_metric": "boundary_mean",
    "metric_value": 0.2698300024806497,
    "hausdorff_px": 1.3955940429922058,
    "knot_params": [
      0.0,
      0.1,
      0.2,
      0.30000000000000004,
      0.365,
      0.4,
      0.5,
      0.525,
      0.5323529411764706,
      0.5386029411764706,
      0.5448529411764705,
      0.5511029411764705,
      0.5573529411764705,
      0.5636029411764705,
      0.5698529411764705,
      0.5761029411764704,
      0.6000000000000001,
      0.7000000000000001,
      0.8,
      0.9
    ]
  },
  "control_points": [
    [
      88.70013123292709,
      86.3432302188936
    ],
    [
      89.1760150631009,
      89.23593055188306
    ],
    [
      88.91270061102377,
      91.23749354968335
    ],
    [
      89.0417387494303,
      92.01350213858458
    ],
    [
      89.00147659388946,
      92.73614682750102
    ],
    [
      88.95063947096726,
      93.37637462927461
    ],
    [
      89.10680522299774,
      94.05717359039731
    ],
    [
      88.81523744897129,
      94.87309955189326
    ],
    [
      89.34281186974091,
      96.69138856330069
    ],
    [
      88.40819304476588,
      100.34548238033435
    ],
    [
      90.03084022789284,
      106.32260350880118
    ],
    [
      86.56282369462717,
      115.9399521625727
    ],
    [
      100.75679800763494,
      115.58175409139535
    ],
    [
      107.42336023979044,
      113.09514424893094
    ],
    [
      102.69215386017187,
      100.05252282607333
    ],
    [
      102.36297231918483,
      92.15236489471292
    ],
    [
      98.27467178562026,
      82.9647257869063
    ],
    [
      98.04867708847162,
      75.35492411723337
    ],
    [
      87.48616718498272,
      75.08228246177315
    ],
    [
      89.52313503102832,
      81.34644830985529
    ]
  ],
  "notes": {}
}
