{
  "id": "4",
  "contour_type": "adaptive_bspline",
  "image_size": [
    132,
    324
  ],
  "pixel_scale_cm": 0.08549999999999999,
  "fit": {
    "degree": 3,
    "n_control_points": 26,
    "eval_n": 2000,
    "iou": 0.9066901408450704,
    "optimization_metric": "boundary_mean",
    "metric_value": 0.2367505374016826,
    "hausdorff_px": 1.3476086764001516,
    "knot_params": [
      0.0,
      0.1,
      0.2,
      0.30000000000000004,
      0.37,
      0.4,
      0.5,
      0.52,
      0.525,
      0.5319444444444444,
      0.5373792270531401,
      0.5423792270531401,
      0.5473792270531401,
      0.5523792270531401,
      0.5573792270531401,
      0.5623792270531401,
      0.5673792270531401,
      0.5723792270531401,
      0.5773792270531402,
      0.5823792270531402,
      0.5873792270531402,
      0.5923792270531402,
      0.6000000000000001,
      0.7000000000000001,
      0.8,
      0.9
    ]
  },
  "control_points": [
    [
      89.7612096589802,
      86.73212905629171
    ],
    [
      90.14121299413881,
      89.50495281359599
    ],
    [
      89.92840500361707,
      91.24180453670796
    ],
    [
      90.0470013614519,
      91.93907715228184
    ],
    [
      89.97018537165488,
      92.51579786130043
    ],
    [
      90.01521723106204,
      93.08776257901772
    ],
    [
      89.99786925350746,
      93.57409055503409
    ],
    [
      89.98908149124566,
      94.17354898270371
    ],
    [
      90.0240114265936,
      94.60142996103082
    ],
    [
      89.96281462908692,
      95.25651243502934
    ],
    [
      90.05048144048008,
      95.62800233080722
    ],
    [
      89.9361028154582,
      96.34035240065654
    ],
    [
      90.07674147498741,
      96.65465907544227
    ],
    [
      89.9139150580366,
      97.44158035298994
    ],
    [
      90.15112304062878,
      98.51371414595403
    ],
    [
      89.72939534027465,
      102.20917486971176
    ],
    [
      90.50534816654532,
      106.74171288814013
    ],
    [
      88.54903329194114,
      117.44931096579988
    ],
    [
      98.4999177319463,
      114.99935129727845
    ],
    [
      108.59681263440221,
      114.69933301899587
    ],
    [
      103.54696587239403,
      101.314581829813
    ],
    [
      102.88813456685546,
      93.75252730557386
    ],
    [
      99.28994274001985,
      84.48713953609293
    ],
    [
      98.80529663058184,
      76.788776078083
    ],
    [
      88.63410114305347,
      75.81893538998874
    ],
    [
      90.42780312537376,
      82.22267970896216
    ]
  ],
  "notes": {}
}
