{
  "id": "5",
  "contour_type": "adaptive_bspline",
  "image_size": [
    132,
    327
  ],
  "pixel_scale_cm": 0.0855,
  "fit": {
    "degree": 3,
    "n_control_points": 20,
    "eval_n": 2000,
    "iou": 0.9145978152929494,
    "optimization_metric": "boundary_mean",
    "metric_value": 0.39328448077748196,
    "hausdorff_px": 2.1528688231349697,
    "knot_params": [
      0.0,
      0.1,
      0.2,
      0.30000000000000004,
      0.4,
      0.5,
      0.6000000000000001,
      0.7000000000000001,
      0.8,
      0.85,
      0.8569444444444444,
      0.8631944444444444,
      0.8694444444444444,
      0.8756944444444443,
      0.8819444444444443,
      0.8881944444444443,
      0.8944444444444443,
      0.9006944444444442,
      0.9069444444444442,
      0.9131944444444442
    ]
  },
  "control_points": [
    [
      49.65744415585914,
      172.57725528673635
    ],
    [
      53.811218304108046,
      184.74622434615335
    ],
    [
      53.93318313661998,
      194.36795169662417
    ],
    [
      53.96453022091996,
      201.01817660085112
    ],
    [
      55.33623386468494,
      203.7028280049662
    ],
    [
      54.97175982287923,
      205.42319152741132
    ],
    [
      56.6913365223033,
      204.72752025284618
    ],
    [
      57.34275940363609,
      205.2178207393505
    ],
    [
      58.361287191761996,
      204.75221720936426
    ],
    [
      59.58651107061724,
      205.37398663754357
    ],
    [
      60.02402712537892,
      204.44964400703972
    ],
    [
      63.06553839077682,
      205.9977693536357
    ],
    [
      65.83032385959129,
      203.51092976620612
    ],
    [
      64.37051777458441,
      195.70845283402554
    ],
    [
      65.73731601485167,
      183.21204471985467
    ],
    [
      63.92768981569614,
      171.07880847441947
    ],
    [
      66.77004216328065,
      151.94654585838097
    ],
    [
      61.64124251287356,
      142.81500616280326
    ],
    [
      37.7181666628149,
      144.35980529434903
    ],
    [
      49.58305402787055,
      158.89259794270416
    ]
  ],
  "notes": {}
}
