{
  "id": "5",
  "contour_type": "adaptive_bspline",
  "image_size": [
    132,
    324
  ],
  "pixel_scale_cm": 0.08549999999999999,
  "fit": {
    "degree": 3,
    "n_control_points": 32,
    "eval_n": 2000,
    "iou": 0.9293032786885246,
    "optimization_metric": "boundary_mean",
    "metric_value": 0.3077665677002885,
    "hausdorff_px": 1.585572314981708,
    "knot_params": [
      0.0,
      0.035,
      0.1,
      0.2,
      0.30000000000000004,
      0.4,
      0.405,
      0.41000000000000003,
      0.41500000000000004,
      0.47500000000000003,
      0.5,
      0.6000000000000001,
      0.7000000000000001,
      0.8,
      0.845,
      0.85,
      0.8569444444444444,
      0.8623792270531401,
      0.8673792270531401,
      0.8723792270531401,
      0.8773792270531401,
      0.8823792270531401,
      0.8873792270531401,
      0.8923792270531401,
      0.8973792270531401,
      0.9023792270531401,
      0.9073792270531401,
      0.9123792270531401,
      0.9173792270531401,
      0.9223792270531401,
      0.9273792270531401,
      0.995
    ]
  },
  "control_points": [
    [
      46.553695755015276,
      156.99847100984715
    ],
    [
      47.83957785347651,
      159.94197783139705
    ],
    [
      48.769913618682956,
      164.4489211541402
    ],
    [
      51.118235071590824,
      170.82635939524394
    ],
    [
      51.848852672592386,
      181.22653603686803
    ],
    [
      55.67733713947709,
      191.8774845964276
    ],
    [
      52.494848883757925,
      206.08677996191122
    ],
    [
      64.12362677175574,
      207.38386953229787
    ],
    [
      66.06352523916445,
      201.9766039314524
    ],
    [
      64.33731904425277,
      197.99226006045473
    ],
    [
      65.40898223603375,
      197.08986150565505
    ],
    [
      64.72917365653332,
      195.91168111843447
    ],
    [
      65.1592277749739,
      195.28835466935138
    ],
    [
      64.90682597043468,
      194.3763077854789
    ],
    [
      65.0545603309849,
      193.65399818180668
    ],
    [
      64.96734846557106,
      192.82996039241215
    ],
    [
      65.02094193551271,
      192.05599793651047
    ],
    [
      64.9842021603857,
      191.2681412962202
    ],
    [
      65.01560169650102,
      190.4623479287848
    ],
    [
      64.97977828432612,
      189.7117971197883
    ],
    [
      65.03048146819643,
      188.8527512311469
    ],
    [
      64.95590063941533,
      188.1772689780297
    ],
    [
      65.08883611443821,
      186.35743311830504
    ],
    [
      64.85402005546415,
      184.29092368715584
    ],
    [
      65.20561560585175,
      180.08513818717037
    ],
    [
      64.64293441066671,
      176.13318388516475
    ],
    [
      65.59412029942733,
      168.19986998836845
    ],
    [
      63.920820835632306,
      161.86246693145299
    ],
    [
      67.55654718460517,
      145.17879971851895
    ],
    [
      56.465240310470726,
      146.47827234528705
    ],
    [
      40.765369937495755,
      144.65624184747966
    ],
    [
      45.25936110426612,
      151.9103831701935
    ]
  ],
  "notes": {}
}
