{
  "id": "6",
  "contour_type": "adaptive_bspline",
  "image_size": [
    132,
    324
  ],
  "pixel_scale_cm": 0.08549999999999999,
  "fit": {
    "degree": 3,
    "n_control_points": 12,
    "eval_n": 2000,
    "iou": 0.9033816425120773,
    "optimization_metric": "boundary_mean",
    "metric_value": 0.31512392652620924,
    "hausdorff_px": 1.2572155839119166,
    "knot_params": [
      0.0,
      0.1,
      0.2,
      0.30000000000000004,
      0.4,
      0.41500000000000004,
      0.5,
      0.6000000000000001,
      0.7000000000000001,
      0.8,
      0.9,
      0.92
    ]
  },
  "control_points": [
    [
      71.4032591771651,
      168.65547353012528
    ],
    [
      72.46890917654909,
      182.14780050411244
    ],
    [
      71.5923930810344,
      195.19648131996288
    ],
    [
      71.99107052121974,
      208.53461126420578
    ],
    [
      87.09655665168673,
      205.22010673003027
    ],
    [
      82.79247102724906,
      192.51082324408512
    ],
    [
      84.4838460879082,
      181.44297815977197
    ],
    [
      83.98983554034842,
      167.75815178385622
    ],
    [
      83.47504572850221,
      154.9688211574175
    ],
    [
      84.44779153363231,
      145.3818488794389
    ],
    [
      69.37606582349395,
      144.6861265759589
    ],
    [
      73.0324619609205,
      157.29028585006367
    ]
  ],
  "notes": {}
}
