{
  "id": "6",
  "contour_type": "adaptive_bspline",
  "image_size": [
    132,
    327
  ],
  "pixel_scale_cm": 0.0855,
  "fit": {
    "degree": 3,
    "n_control_points": 20,
    "eval_n": 2000,
    "iou": 0.8920953575909661,
    "optimization_metric": "boundary_mean",
    "metric_value": 0.3771882486064957,
    "hausdorff_px": 2.218249646391145,
    "knot_params": [
      0.0,
      0.1,
      0.2,
      0.30000000000000004,
      0.4,
      0.435,
      0.5,
      0.5073529411764706,
      0.5136029411764705,
      0.5198529411764705,
      0.5261029411764705,
      0.5323529411764705,
      0.5386029411764705,
      0.5448529411764704,
      0.5511029411764704,
      0.5573529411764704,
      0.6000000000000001,
      0.7000000000000001,
      0.8,
      0.9
    ]
  },
  "control_points": [
    [
      71.5469307605204,
      156.1683217389785
    ],
    [
      70.97549053068184,
      157.11293547980355
    ],
    [
      71.83805321704108,
      159.30199335931962
    ],
    [
      71.47588488312725,
      159.3691960088031
    ],
    [
      70.96862951813843,
      160.46398866759841
    ],
    [
      72.03380061520969,
      160.6923559126444
    ],
    [
      72.20364127456273,
      162.088849866361
    ],
    [
      70.8261433875269,
      162.52065957211607
    ],
    [
      72.75433382432722,
      165.52437119319114
    ],
    [
      71.18056934770395,
      170.8427029536627
    ],
    [
      72.32358086895066,
      179.89334613747545
    ],
    [
      71.74011344805156,
      190.59274103642124
    ],
    [
      71.31896272366131,
      208.97959499905622
    ],
    [
      87.1767349524452,
      202.26888829147947
    ],
    [
      80.85467265991919,
      184.5308024052839
    ],
    [
      84.43086202224406,
      171.14025000099923
    ],
    [
      81.67650385786663,
      156.37936103898716
    ],
    [
      85.34034549177599,
      143.32113853544402
    ],
    [
      68.54990742735669,
      144.21149246190794
    ],
    [
      71.6626130375715,
      151.06317847039617
    ]
  ],
  "notes": {}
}
