{
  "id": "7",
  "contour_type": "adaptive_bspline",
  "image_size": [
    132,
    324
  ],
  "pixel_scale_cm": 0.08549999999999999,
  "fit": {
    "degree": 3,
    "n_control_points": 33,
    "eval_n": 2000,
    "iou": 0.9144295302013423,
    "optimization_metric": "boundary_mean",
    "metric_value": 0.19353402999018732,
    "hausdorff_px": 1.4177639966443658,
    "knot_params": [
      0.0,
      0.095,
      0.1,
      0.2,
      0.30000000000000004,
      0.36,
      0.365,
      0.37,
      0.375,
      0.38,
      0.385,
      0.4,
      0.5,
      0.6000000000000001,
      0.7000000000000001,
      0.8,
      0.855,
      0.86,
      0.8669444444444444,
      0.8723792270531401,
      0.8773792270531401,
      0.8823792270531401,
      0.8873792270531401,
      0.8923792270531401,
      0.8973792270531401,
      0.9023792270531401,
      0.9073792270531401,
      0.9123792270531401,
      0.9173792270531401,
      0.9223792270531401,
      0.9273792270531401,
      0.9323792270531401,
      0.995
    ]
  },
  "control_points": [
    [
      91.15040942143231,
      172.27375526224515
    ],
    [
      90.87499423548253,
      173.20731958562263
    ],
    [
      91.23705119019873,
      173.77407489954416
    ],
    [
      89.41653024254352,
      175.28282250252548
    ],
    [
      91.72535615283446,
      177.51012484637155
    ],
    [
      90.33782775532747,
      184.70220700230593
    ],
    [
      91.9252752178446,
      191.42156428274276
    ],
    [
      89.38736372157506,
      204.23339444309386
    ],
    [
      94.68053837547512,
      207.04191752212367
    ],
    [
      105.58266322925118,
      205.82337091700242
    ],
    [
      102.4056137753737,
      202.08267074808447
    ],
    [
      103.19719236311902,
      199.12975047737459
    ],
    [
      102.89668051083605,
      198.4096651514655
    ],
    [
      103.0679881527976,
      197.60188127931508
    ],
    [
      102.96052654324747,
      197.16915245177532
    ],
    [
      103.02221513384623,
      196.53788995897446
    ],
    [
      102.98853862693409,
      196.04272913862715
    ],
    [
      103.00419945159864,
      195.46478093362157
    ],
    [
      103.00175544152357,
      194.94536984352575
    ],
    [
      102.99174688899636,
      194.37348185223001
    ],
    [
      103.01725721783014,
      193.86434934180664
    ],
    [
      102.96906343000384,
      193.26346703804373
    ],
    [
      103.04781513200156,
      192.80353221914623
    ],
    [
      102.90205497423051,
      191.5819545358979
    ],
    [
      103.1695918510377,
      190.25712967084897
    ],
    [
      102.61503695330683,
      186.84543152029397
    ],
    [
      104.4536086427085,
      184.26520048714886
    ],
    [
      103.7615773026587,
      178.41424250404432
    ],
    [
      104.07468873344776,
      173.6839947795335
    ],
    [
      106.57177681108793,
      164.60557865445801
    ],
    [
      97.44218192406979,
      166.87433039187505
    ],
    [
      90.62131233257527,
      164.70171987755973
    ],
    [
      90.84797950357947,
      169.66657646944006
    ]
  ],
  "notes": {}
}
