{
  "id": "7",
  "contour_type": "adaptive_bspline",
  "image_size": [
    132,
    327
  ],
  "pixel_scale_cm": 0.0855,
  "fit": {
    "degree": 3,
    "n_control_points": 20,
    "eval_n": 2000,
    "iou": 0.90311986863711,
    "optimization_metric": "boundary_mean",
    "metric_value": 0.3496486595089559,
    "hausdorff_px": 1.7518727524979818,
    "knot_params": [
      0.0,
      0.1,
      0.2,
      0.30000000000000004,
      0.385,
      0.4,
      0.5,
      0.5073529411764706,
      0.5136029411764705,
      0.5198529411764705,
      0.5261029411764705,
      0.5323529411764705,
      0.5386029411764705,
      0.5448529411764704,
      0.5511029411764704,
      0.5573529411764704,
      0.6000000000000001,
      0.7000000000000001,
      0.8,
      0.9
    ]
  },
  "control_points": [
    [
      90.38714245339813,
      172.56262400252407
    ],
    [
      89.77933243551459,
      173.7892151349788
    ],
    [
      90.11219009166807,
      176.07259277240775
    ],
    [
      89.89768478456637,
      176.40099121949484
    ],
    [
      90.11532651421301,
      177.28430421983583
    ],
    [
      89.83386357018446,
      177.9246184076521
    ],
    [
      90.25556541438289,
      178.5352530405218
    ],
    [
      89.56509065612221,
      179.76404799240038
    ],
    [
      90.77661886266894,
      181.58843654776703
    ],
    [
      88.73409057216149,
      186.53595540316746
    ],
    [
      92.05013787422477,
      192.23892736507864
    ],
    [
      86.24574537180561,
      203.6340237425065
    ],
    [
      99.15122039535899,
      207.20747352117274
    ],
    [
      104.67251002282387,
      201.0528060627812
    ],
    [
      102.38572985309831,
      187.27719817503376
    ],
    [
      102.7188851299277,
      178.7970729267208
    ],
    [
      105.55483373204306,
      166.04322129560467
    ],
    [
      99.12323220457796,
      165.1324876838826
    ],
    [
      93.12834496376644,
      165.55447941767886
    ],
    [
      89.23043241847446,
      166.2200717696105
    ]
  ],
  "notes": {}
}
