{
  "id": "8",
  "contour_type": "adaptive_bspline",
  "image_size": [
    132,
    324
  ],
  "pixel_scale_cm": 0.08549999999999999,
  "fit": {
    "degree": 3,
    "n_control_points": 29,
    "eval_n": 2000,
    "iou": 0.9402390438247012,
    "optimization_metric": "boundary_mean",
    "metric_value": 0.35086460615530124,
    "hausdorff_px": 2.3206182618887734,
    "knot_params": [
      0.0,
      0.1,
      0.2,
      0.30000000000000004,
      0.4,
      0.5,
      0.6000000000000001,
      0.7000000000000001,
      0.8,
      0.835,
      0.84,
      0.845,
      0.8523529411764705,
      0.8573529411764705,
      0.8623529411764705,
      0.8673529411764705,
      0.8723529411764706,
      0.8773529411764706,
      0.8823529411764706,
      0.8873529411764706,
      0.8923529411764706,
      0.8973529411764706,
      0.9023529411764706,
      0.9073529411764706,
      0.9123529411764706,
      0.9173529411764706,
      0.9223529411764706,
      0.99,
      0.995
    ]
  },
  "control_points": [
    [
      54.093820247961844,
      281.719665747509
    ],
    [
      56.882718281098896,
      292.3591018473665
    ],
    [
      60.858278986887264,
      298.7801602777135
    ],
    [
      64.74142174036893,
      301.52223399958945
    ],
    [
      66.40246959469182,
      303.3210306738732
    ],
    [
      67.66141883435051,
      303.16591640913555
    ],
    [
      67.92520251501321,
      304.26594807059877
    ],
    [
      68.84219972412343,
      303.90659116843295
    ],
    [
      69.49865544285916,
      304.0192038828012
    ],
    [
      70.18051513680382,
      304.0444027976426
    ],
    [
      70.61294219421386,
      304.65727536043835
    ],
    [
      71.12495392166623,
      305.0819027778017
    ],
    [
      71.8535674974812,
      304.9862993802921
    ],
    [
      72.5389375835422,
      304.98190269489845
    ],
    [
      73.19981906941352,
      305.0773041051194
    ],
    [
      73.60427845130656,
      305.67744737353274
    ],
    [
      74.21510947493562,
      306.0672164333401
    ],
    [
      74.76151473319194,
      306.0486199311048
    ],
    [
      76.36916829473273,
      305.2667177585917
    ],
    [
      75.70534223661147,
      302.7787894232669
    ],
    [
      75.23493740312415,
      301.1470013027419
    ],
    [
      75.65219264230622,
      297.831462088773
    ],
    [
      74.40810012950816,
      293.5774218719249
    ],
    [
      75.7703113149328,
      284.01881023241435
    ],
    [
      73.71126687804677,
      276.1511713456683
    ],
    [
      77.23936336267978,
      258.9183560672342
    ],
    [
      70.57470740646312,
      253.8160177561926
    ],
    [
      51.479545056169385,
      253.80050354357056
    ],
    [
      56.56689032112306,
      268.99268360422724
    ]
  ],
  "notes": {}
}
