{
  "id": "8",
  "contour_type": "adaptive_bspline",
  "image_size": [
    132,
    327
  ],
  "pixel_scale_cm": 0.0855,
  "fit": {
    "degree": 3,
    "n_control_points": 20,
    "eval_n": 2000,
    "iou": 0.9342995169082126,
    "optimization_metric": "boundary_mean",
    "metric_value": 0.30014138315176375,
    "hausdorff_px": 2.0217869252422784,
    "knot_params": [
      0.0,
      0.1,
      0.2,
      0.30000000000000004,
      0.4,
      0.5,
      0.6000000000000001,
      0.7000000000000001,
      0.8,
      0.86,
      0.8673529411764705,
      0.8736029411764705,
      0.8798529411764705,
      0.8861029411764705,
      0.8923529411764705,
      0.8986029411764704,
      0.9048529411764704,
      0.9111029411764704,
      0.9173529411764704,
      0.9236029411764703
    ]
  },
  "control_points": [
    [
      55.059889422611114,
      277.6676387762511
    ],
    [
      54.9132231302598,
      289.3619936521842
    ],
    [
      59.45682095632274,
      296.5993884080564
    ],
    [
      63.6531133323824,
      300.8564264510567
    ],
    [
      66.40566208789338,
      302.0063983527032
    ],
    [
      67.30881326465438,
      303.32952365038534
    ],
    [
      68.37153129593982,
      302.81539705780284
    ],
    [
      68.75253336993724,
      304.157553147753
    ],
    [
      69.50654380237427,
      303.91084668573177
    ],
    [
      70.68333943066709,
      304.06007392560787
    ],
    [
      70.93705642223102,
      303.9308317870056
    ],
    [
      72.87592579111666,
      305.82660828322463
    ],
    [
      75.74023867554922,
      304.1532557860883
    ],
    [
      74.52839906816924,
      297.79278340636887
    ],
    [
      75.47806748424266,
      287.2544010979034
    ],
    [
      74.35909251879896,
      277.06791750286175
    ],
    [
      75.98242733515782,
      260.52704049164765
    ],
    [
      73.55586450361156,
      252.42209032500855
    ],
    [
      52.67172756286383,
      252.72828364588773
    ],
    [
      54.39759750088718,
      265.3041742925065
    ]
  ],
  "notes": {}
}
