{
  "id": "9",
  "contour_type": "adaptive_bspline",
  "image_size": [
    132,
    327
  ],
  "pixel_scale_cm": 0.0855,
  "fit": {
    "degree": 3,
    "n_control_points": 20,
    "eval_n": 2000,
    "iou": 0.9243781094527364,
    "optimization_metric": "boundary_mean",
    "metric_value": 0.3549602162487414,
    "hausdorff_px": 2.1151396244072695,
    "knot_params": [
      0.0,
      0.1,
      0.2,
      0.30000000000000004,
      0.4,
      0.5,
      0.6000000000000001,
      0.7000000000000001,
      0.8,
      0.84,
      0.8473529411764705,
      0.8536029411764705,
      0.8598529411764705,
      0.8661029411764705,
      0.8723529411764704,
      0.8786029411764704,
      0.8848529411764704,
      0.8911029411764704,
      0.8973529411764704,
      0.9036029411764703
    ]
  },
  "control_points": [
    [
      83.20646315616233,
      275.9047473235025
    ],
    [
      84.48823910659945,
      289.19874298707936
    ],
    [
      83.73411786971067,
      296.49295380808593
    ],
    [
      84.04693253652049,
      302.7055843019505
    ],
    [
      84.31056623223022,
      304.4544338810653
    ],
    [
      86.7077493518715,
      303.77011431106274
    ],
    [
      86.95227611181119,
      304.14331074826197
    ],
    [
      87.7975748691099,
      303.07954462344117
    ],
    [
      88.4261089680364,
      302.92582501473765
    ],
    [
      89.35483804999166,
      303.140252211218
    ],
    [
      90.26186276494042,
      302.8017172408617
    ],
    [
      91.25123702908287,
      301.5620334110961
    ],
    [
      95.18221741762571,
      299.5870525679129
    ],
    [
      99.42995323201673,
      295.5930366524243
    ],
    [
      104.19595193745113,
      285.0300577509284
    ],
    [
      102.76442497363283,
      275.20109012719223
    ],
    [
      106.33893218250827,
      257.05218998735575
    ],
    [
      98.36922130144784,
      252.76921984284732
    ],
    [
      79.45176763057884,
      253.2908328227599
    ],
    [
      85.016032161219,
      266.7825527385636
    ]
  ],
  "notes": {}
}
