{
  "id": "9",
  "contour_type": "adaptive_bspline",
  "image_size": [
    132,
    324
  ],
  "pixel_scale_cm": 0.08549999999999999,
  "fit": {
    "degree": 3,
    "n_control_points": 28,
    "eval_n": 2000,
    "iou": 0.929070929070929,
    "optimization_metric": "boundary_mean",
    "metric_value": 0.31564222413924137,
    "hausdorff_px": 2.2138758108917136,
    "knot_params": [
      0.0,
      0.1,
      0.2,
      0.30000000000000004,
      0.4,
      0.5,
      0.6000000000000001,
      0.7000000000000001,
      0.8,
      0.8300000000000001,
      0.835,
      0.84,
      0.8469444444444444,
      0.8523792270531401,
      0.8573792270531401,
      0.8623792270531401,
      0.8673792270531401,
      0.8723792270531401,
      0.8773792270531401,
      0.8823792270531401,
      0.8873792270531401,
      0.8923792270531401,
      0.8973792270531401,
      0.9023792270531401,
      0.9073792270531401,
      0.9123792270531401,
      0.9173792270531401,
      0.995
    ]
  },
  "control_points": [
    [
      83.17220315167982,
      280.70096413888655
    ],
    [
      84.46403404607956,
      291.6433145230005
    ],
    [
      83.78569571084059,
      299.19737572509047
    ],
    [
      83.92095110493631,
      304.3309350290591
    ],
    [
      84.8363953488281,
      305.388086998757
    ],
    [
      86.67231816368849,
      304.77036372636024
    ],
    [
      86.93479100744479,
      305.1322883653339
    ],
    [
      87.66667108331482,
      304.33666079157194
    ],
    [
      88.04311198149361,
      303.93195401671835
    ],
    [
      88.80770444901334,
      304.01405989128455
    ],
    [
      89.44336378278321,
      303.99579518911116
    ],
    [
      90.12032679917363,
      304.00646442707625
    ],
    [
      90.55640775112502,
      303.4571016630128
    ],
    [
      90.97488055778004,
      302.86589715810413
    ],
    [
      91.74565530398885,
      303.1017784838949
    ],
    [
      92.23975946620068,
      302.7440010728635
    ],
    [
      92.79825868363594,
      302.34152988713186
    ],
    [
      93.05072326491748,
      301.654387589292
    ],
    [
      94.5581965732679,
      301.0836673275604
    ],
    [
      95.95936663805341,
      300.1736887175757
    ],
    [
      99.47888212109048,
      296.62308669602453
    ],
    [
      101.68689983402193,
      292.5963372762761
    ],
    [
      105.12614347128134,
      283.3651706827625
    ],
    [
      102.60074461519865,
      274.7203049514123
    ],
    [
      106.43314950083335,
      257.9781764465006
    ],
    [
      98.79361169947374,
      254.08213812827415
    ],
    [
      80.69512588854201,
      253.73867724480837
    ],
    [
      85.49261251476912,
      268.59777445763456
    ]
  ],
  "notes": {}
}
