{
  "id": "base",
  "contour_type": "adaptive_bspline",
  "image_size": [
    132,
    324
  ],
  "pixel_scale_cm": 0.08549999999999999,
  "fit": {
    "degree": 3,
    "n_control_points": 27,
    "eval_n": 2000,
    "iou": 0.9755252145242423,
    "optimization_metric": "boundary_mean",
    "metric_value": 0.9700431910180138,
    "hausdorff_px": 4.136630535790239,
    "knot_params": [
      0.0,
      0.1,
      0.2,
      0.30000000000000004,
      0.4,
      0.455,
      0.47000000000000003,
      0.47500000000000003,
      0.48,
      0.4869444444444444,
      0.4923792270531401,
      0.4973792270531401,
      0.5023792270531401,
      0.5073792270531401,
      0.5123792270531401,
      0.5173792270531401,
      0.5223792270531401,
      0.5273792270531401,
      0.5323792270531401,
      0.5373792270531401,
      0.5423792270531401,
      0.5473792270531401,
      0.5523792270531401,
      0.6000000000000001,
      0.7000000000000001,
      0.8,
      0.9
    ]
  },
  "control_points": [
    [
      14.415612732026249,
      38.11514993594054
    ],
    [
      13.867607956301274,
      47.18921402992103
    ],
    [
      12.5901640418647,
      50.57254821349103
    ],
    [
      13.222445648732986,
      55.66879395959132
    ],
    [
      12.9365416618408,
      58.73952734924983
    ],
    [
      12.109719818870351,
      61.70519577737939
    ],
    [
      11.720497289238969,
      65.5616603963732
    ],
    [
      12.442155106261806,
      69.03655388828032
    ],
    [
      11.267807118133312,
      73.08361850703463
    ],
    [
      13.218680014491875,
      76.09049987878053
    ],
    [
      12.945441896718863,
      79.65860064328159
    ],
    [
      13.052628874551385,
      83.64494775774234
    ],
    [
      12.912509149892905,
      86.77227529252745
    ],
    [
      13.170213888205915,
      91.28974202362042
    ],
    [
      14.725925448061956,
      95.3780555395048
    ],
    [
      16.07479509686426,
      112.21081258072122
    ],
    [
      26.893796327276107,
      132.2258471251069
    ],
    [
      44.9229774498074,
      178.17242771638712
    ],
    [
      47.19906014017106,
      226.96066964755016
    ],
    [
      37.22667124994757,
      321.82056901945873
    ],
    [
      129.67084667233036,
      308.41683770123933
    ],
    [
      106.71963075823288,
      216.62748096049705
    ],
    [
      122.15851046953615,
      154.0495462547773
    ],
    [
      118.99621449127203,
      83.14534372890893
    ],
    [
      88.68757551749725,
      32.80439395643867
    ],
    [
      48.163702617567075,
      3.1192289059003016
    ],
    [
      20.818418022340893,
      24.713633477490966
    ]
  ],
  "notes": {}
}
