{
  "id": "base",
  "contour_type": "adaptive_bspline",
  "image_size": [
    132,
    327
  ],
  "pixel_scale_cm": 0.0855,
  "fit": {
    "degree": 3,
    "n_control_points": 32,
    "eval_n": 2000,
    "iou": 0.9779617834394905,
    "optimization_metric": "boundary_mean",
    "metric_value": 0.8560352716337383,
    "hausdorff_px": 3.4495904625286125,
    "knot_params": [
      0.0,
      0.1,
      0.2,
      0.30000000000000004,
      0.4,
      0.455,
      0.47000000000000003,
      0.47500000000000003,
      0.48,
      0.485,
      0.49235294117647055,
      0.49735294117647055,
      0.5023529411764706,
      0.5073529411764706,
      0.5123529411764706,
      0.5173529411764706,
      0.5223529411764706,
      0.5273529411764706,
      0.5323529411764706,
      0.5373529411764706,
      0.5423529411764706,
      0.5473529411764706,
      0.5523529411764706,
      0.5573529411764706,
      0.5750000000000001,
      0.58,
      0.6000000000000001,
      0.65,
      0.655,
      0.7000000000000001,
      0.8,
      0.9
    ]
  },
  "control_points": [
    [
      14.811671772496874,
      35.77047304732749
    ],
    [
      13.73807769747264,
      44.53246569364819
    ],
    [
      12.638633648626664,
      47.99774145939662
    ],
    [
      13.37887939886207,
      52.85511954745178
    ],
    [
      11.91339287931549,
      56.11751585942097
    ],
    [
      12.010883518306322,
      60.26180372820729
    ],
    [
      11.959576323020242,
      64.0541980334672
    ],
    [
      12.095286205928321,
      67.71681305116805
    ],
    [
      11.820147164930303,
      71.50599175807231
    ],
    [
      12.318233234965387,
      74.99263363866473
    ],
    [
      11.448762797088708,
      79.04774647291217
    ],
    [
      12.915481397193421,
      82.1129090458436
    ],
    [
      13.447886564732231,
      85.61420079480301
    ],
    [
      12.19904187156372,
      89.76303171658954
    ],
    [
      14.346271735852058,
      92.66030759321744
    ],
    [
      13.550345177598002,
      97.2860620260759
    ],
    [
      15.467649658830839,
      102.0304428767384
    ],
    [
      17.237076706480373,
      107.77318763867083
    ],
    [
      19.41241415464762,
      118.33516284951025
    ],
    [
      23.694058506345524,
      128.71345211541882
    ],
    [
      31.71505734707552,
      145.51954015674275
    ],
    [
      40.52666076894233,
      162.8405700692663
    ],
    [
      45.50954006834758,
      202.0650787804585
    ],
    [
      45.22833693071187,
      240.46812766210977
    ],
    [
      40.857210193204985,
      323.6101548923601
    ],
    [
      128.6931672817725,
      306.5826301397902
    ],
    [
      106.29713210385114,
      219.66452023184988
    ],
    [
      120.78983457065934,
      154.75357209528414
    ],
    [
      119.23767073548287,
      84.13321364532801
    ],
    [
      88.59301382362598,
      32.72189984392521
    ],
    [
      49.544088493519645,
      2.944735396217289
    ],
    [
      21.212758840714635,
      22.328920033711274
    ]
  ],
  "notes": {}
}
