{
  "id": "1",
  "contour_type": "adaptive_bspline",
  "image_size": [
    3072,
    4096
  ],
  "pixel_scale_cm": 0.00855,
  "fit": {
    "degree": 3,
    "n_control_points": 29,
    "eval_n": 2000,
    "iou": 0.9666506053740401,
    "optimization_metric": "boundary_mean",
    "metric_value": 2.738703213872233,
    "hausdorff_px": 20.080031152770417,
    "knot_params": [
      0.0,
      0.1,
      0.2,
      0.30000000000000004,
      0.4,
      0.46,
      0.5,
      0.6000000000000001,
      0.7000000000000001,
      0.8,
      0.85,
      0.855,
      0.86,
      0.8673529411764705,
      0.8723529411764706,
      0.8773529411764706,
      0.8823529411764706,
      0.8873529411764706,
      0.8923529411764706,
      0.8973529411764706,
      0.9023529411764706,
      0.9073529411764706,
      0.9123529411764706,
      0.9173529411764706,
      0.9223529411764706,
      0.9273529411764706,
      0.9323529411764706,
      0.9450000000000001,
      0.995
    ]
  },
  "control_points": [
    [
      1061.752708696724,
      1457.916489394927
    ],
    [
      1095.2878517096924,
      1579.2544899407399
    ],
    [
      1123.1561909690608,
      1689.378223603642
    ],
    [
      1160.0692787957826,
      1776.879566822325
    ],
    [
      1184.8144878013916,
      1828.669486660394
    ],
    [
      1200.7301966400453,
      1856.831401497357
    ],
    [
      1213.3716878452558,
      1860.4100448599024
    ],
    [
      1223.223948561049,
      1857.7386815483635
    ],
    [
      1232.0603288092511,
      1860.7437950026977
    ],
    [
      1237.4857034085555,
      1854.6138170000613
    ],
    [
      1239.327581976044,
      1847.5938547318901
    ],
    [
      1239.0293710708363,
      1839.502479116516
    ],
    [
      1238.6297080452337,
      1831.4525455451515
    ],
    [
      1240.327520718968,
      1824.2273660194178
    ],
    [
      1239.9525217503992,
      1816.1995107968971
    ],
    [
      1239.8892656782348,
      1808.1606811711272
    ],
    [
      1240.4852430244719,
      1800.782218262487
    ],
    [
      1241.4958115861953,
      1792.5863364756697
    ],
    [
      1240.1221831181706,
      1784.5929906554518
    ],
    [
      1243.0067123010906,
      1766.8897576594536
    ],
    [
      1240.4968259501334,
      1748.1887113584144
    ],
    [
      1246.998200356139,
      1701.6394432834659
    ],
    [
      1240.5396077072853,
      1647.1408723516106
    ],
    [
      1258.265636482351,
      1536.4246584578561
    ],
    [
      1237.9332302644527,
      1440.5989965190192
    ],
    [
      1288.1724429412866,
      1251.0870575289014
    ],
    [
      1186.3511708677847,
      1224.56183896682
    ],
    [
      1025.7949482030815,
      1211.3627469508706
    ],
    [
      1060.8247439134964,
      1343.6726878307925
    ]
  ],
  "notes": {}
}
