{
  "id": "1",
  "contour_type": "uniform_bspline",
  "image_size": [
    3272,
    1325
  ],
  "pixel_scale_cm": 0.00855,
  "fit": {
    "degree": 3,
    "n_control_points": 40,
    "eval_n": 2000,
    "iou": 0.9897744523964432
  },
  "control_points": [
    [
      835.9076380439599,
      475.8862464708577
    ],
    [
      875.7951681118407,
      478.3210532513035
    ],
    [
      913.8370984334019,
      477.23213792316074
    ],
    [
      952.9931420498569,
      478.44222903303057
    ],
    [
      991.385990985829,
      477.90829654939307
    ],
    [
      1030.3332916474897,
      478.8430548851202
    ],
    [
      1068.5859251300049,
      477.36196614384176
    ],
    [
      1106.5131524040874,
      479.4010914840401
    ],
    [
      1145.7804308177397,
      478.8357603750376
    ],
    [
      1183.9190240048008,
      479.73702584585453
    ],
    [
      1223.523375164485,
      479.312406418873
    ],
    [
      1260.6007836659298,
      480.35087838660456
    ],
    [
      1302.1602187152555,
      478.746143047307
    ],
    [
      1335.5045912572145,
      482.9269896450767
    ],
    [
      1385.3967283139323,
      472.59364618215386
    ],
    [
      1386.7363380836748,
      514.338624486044
    ],
    [
      1384.358365499345,
      552.6666281387461
    ],
    [
      1386.2846309032122,
      590.921656602512
    ],
    [
      1385.9295813368271,
      632.8879745761708
    ],
    [
      1335.653698981164,
      622.0020883417731
    ],
    [
      1302.7193390067907,
      627.0574445430286
    ],
    [
      1260.4531248647868,
      624.132819664618
    ],
    [
      1225.5687750234047,
      624.2211941956225
    ],
    [
      1185.7294471732184,
      624.8737652777745
    ],
    [
      1147.9955102014558,
      624.4199696862395
    ],
    [
      1107.8484725449437,
      623.5802301917449
    ],
    [
      1071.7711896224237,
      625.2978091524972
    ],
    [
      1034.2754684419522,
      623.045548220847
    ],
    [
      994.6291599900662,
      623.5467774447959
    ],
    [
      956.7919332176275,
      623.0741142135369
    ],
    [
      917.1757811405901,
      623.3765018857937
    ],
    [
      879.7842289357734,
      622.0982378235321
    ],
    [
      838.7064511461444,
      623.6335310108145
    ],
    [
      804.4915595876898,
      619.7307212596004
    ],
    [
      755.666621744454,
      628.598578855198
    ],
    [
      758.8613121742428,
      585.387300968174
    ],
    [
      757.7329183809056,
      548.4644049262683
    ],
    [
      760.5081162161082,
      508.1903519089592
    ],
    [
      753.6013986050662,
      469.3090874968593
    ],
    [
      799.7492866462121,
      480.11331650769057
    ]
  ],
  "notes": {
    "obb_axis_start": [
      1883.0,
      609.0
    ],
    "obb_axis_end": [
      1763.0,
      3643.0
    ],
    "obb_margin_cm": 1.0,
    "obb_source": "base-axis-obb",
    "coordinate_system": {
      "origin": "bottom_left",
      "axes": {
        "row": "left",
        "col": "up"
      },
      "point_order": [
        "row",
        "col"
      ],
      "equivalent_ops": [
        "swap_xy",
        "horizontal_flip"
      ]
    }
  }
}
