{
  "id": "10",
  "contour_type": "adaptive_bspline",
  "image_size": [
    3072,
    4096
  ],
  "pixel_scale_cm": 0.00855,
  "fit": {
    "degree": 3,
    "n_control_points": 34,
    "eval_n": 2000,
    "iou": 0.9829230370562322,
    "optimization_metric": "boundary_mean",
    "metric_value": 1.5790010829958585,
    "hausdorff_px": 9.5062234805579,
    "knot_params": [
      0.0,
      0.1,
      0.2,
      0.30000000000000004,
      0.315,
      0.32,
      0.3254166666666667,
      0.4,
      0.49,
      0.495,
      0.5023529411764706,
      0.5073529411764706,
      0.5123529411764706,
      0.5173529411764706,
      0.5223529411764706,
      0.5273529411764706,
      0.5323529411764706,
      0.5373529411764706,
      0.5423529411764706,
      0.5473529411764706,
      0.5523529411764706,
      0.5573529411764706,
      0.5623529411764706,
      0.6000000000000001,
      0.7000000000000001,
      0.8,
      0.805,
      0.81,
      0.8150000000000001,
      0.8200000000000001,
      0.845,
      0.85,
      0.855,
      0.9
    ]
  },
  "control_points": [
    [
      1325.4081492264218,
      2676.0957960654628
    ],
    [
      1327.05656718415,
      2724.7914436802903
    ],
    [
      1322.9475186491468,
      2768.865773465185
    ],
    [
      1323.5384163415774,
      2797.5352338447065
    ],
    [
      1321.5874657506613,
      2811.8719589455004
    ],
    [
      1322.2452901810916,
      2818.0723091781183
    ],
    [
      1321.7871556301852,
      2824.0214231606715
    ],
    [
      1322.4498865038784,
      2829.98721158028
    ],
    [
      1320.6453721005594,
      2835.0555297225415
    ],
    [
      1321.13374484264,
      2840.9200545368644
    ],
    [
      1320.8186124142007,
      2846.8259660413396
    ],
    [
      1321.4672810086731,
      2852.0902719183337
    ],
    [
      1319.7740782551807,
      2859.152289018292
    ],
    [
      1321.9202053400006,
      2861.371047976632
    ],
    [
      1316.2196941749826,
      2876.5286513261617
    ],
    [
      1326.9548913046538,
      2885.605782507548
    ],
    [
      1301.5737596047213,
      2950.534074558995
    ],
    [
      1353.0683340586486,
      2962.7390333401704
    ],
    [
      1425.5955799792926,
      2956.8447882280775
    ],
    [
      1475.225071307002,
      2963.6566530369646
    ],
    [
      1511.0814449940858,
      2959.6567263713514
    ],
    [
      1526.9415425302618,
      2961.594270057448
    ],
    [
      1530.2481828169655,
      2950.5142236638317
    ],
    [
      1528.3139007284262,
      2939.6797827615874
    ],
    [
      1529.915531555425,
      2924.120798234667
    ],
    [
      1530.7604014380597,
      2898.92739506546
    ],
    [
      1532.16529519737,
      2851.7593947924606
    ],
    [
      1535.4461641671392,
      2782.413609590376
    ],
    [
      1537.0955621668666,
      2690.650461973527
    ],
    [
      1548.90027805489,
      2579.3117356297116
    ],
    [
      1422.2482529632443,
      2609.1590794814924
    ],
    [
      1378.0379671177018,
      2594.3960613498953
    ],
    [
      1323.6989736297105,
      2595.7215667788546
    ],
    [
      1333.0397041643616,
      2631.901398936067
    ]
  ],
  "notes": {}
}
