{
  "id": "10",
  "contour_type": "uniform_bspline",
  "image_size": [
    3272,
    1325
  ],
  "pixel_scale_cm": 0.00855,
  "fit": {
    "degree": 3,
    "n_control_points": 38,
    "eval_n": 2000,
    "iou": 0.9918644156047017
  },
  "control_points": [
    [
      2177.6835899761345,
      539.7910704312562
    ],
    [
      2208.539064514369,
      541.9862112658277
    ],
    [
      2237.9300905346527,
      540.8637741649907
    ],
    [
      2267.975251774236,
      541.427727692469
    ],
    [
      2297.8712883649255,
      541.2013698171729
    ],
    [
      2327.5233316754775,
      541.321529591974
    ],
    [
      2357.8249225908653,
      541.165226362642
    ],
    [
      2386.966552500888,
      541.7656443608694
    ],
    [
      2418.2535177356194,
      540.7422273240277
    ],
    [
      2445.2913084281136,
      543.0000364350653
    ],
    [
      2482.5504993851087,
      537.8493550471123
    ],
    [
      2476.784338098131,
      573.7181819708976
    ],
    [
      2478.988867936028,
      601.1699817908598
    ],
    [
      2475.924419239494,
      633.2259909400022
    ],
    [
      2477.864693148228,
      661.2811246677877
    ],
    [
      2476.7393743028515,
      693.1697208921757
    ],
    [
      2474.4329256327333,
      720.8277386317973
    ],
    [
      2477.3192667816115,
      757.7156839095298
    ],
    [
      2440.5368148165107,
      751.3046743268133
    ],
    [
      2413.5787119876145,
      753.9158981017702
    ],
    [
      2382.151052953463,
      752.372663387498
    ],
    [
      2353.0972219454798,
      753.0628880302779
    ],
    [
      2322.3734460722458,
      751.6152683346154
    ],
    [
      2293.889265797735,
      755.2247970053477
    ],
    [
      2264.953550894844,
      751.0420955613079
    ],
    [
      2234.4881619800735,
      752.7131266424217
    ],
    [
      2204.9758779172057,
      751.3841877981715
    ],
    [
      2174.4865985025176,
      752.0845704306792
    ],
    [
      2146.022627357642,
      751.6624536786976
    ],
    [
      2111.273631433063,
      752.4476382099099
    ],
    [
      2117.8377782896255,
      714.9590386055886
    ],
    [
      2115.921399419312,
      688.1701040885855
    ],
    [
      2116.6676645784737,
      656.8015048344887
    ],
    [
      2117.349231041407,
      627.3720946367134
    ],
    [
      2116.4364994306334,
      597.3878541198403
    ],
    [
      2119.7020171021945,
      567.0057708305403
    ],
    [
      2114.4696398696815,
      535.4867417035589
    ],
    [
      2149.958385580047,
      544.1298972370637
    ]
  ],
  "notes": {
    "obb_axis_start": [
      1883.0,
      609.0
    ],
    "obb_axis_end": [
      1763.0,
      3643.0
    ],
    "obb_margin_cm": 1.0,
    "obb_source": "base-axis-obb",
    "coordinate_system": {
      "origin": "bottom_left",
      "axes": {
        "row": "left",
        "col": "up"
      },
      "point_order": [
        "row",
        "col"
      ],
      "equivalent_ops": [
        "swap_xy",
        "horizontal_flip"
      ]
    }
  }
}
