{
  "id": "11",
  "contour_type": "uniform_bspline",
  "image_size": [
    3272,
    1325
  ],
  "pixel_scale_cm": 0.00855,
  "fit": {
    "degree": 3,
    "n_control_points": 40,
    "eval_n": 2000,
    "iou": 0.9914183832077221
  },
  "control_points": [
    [
      2168.5810934088636,
      830.4183696160392
    ],
    [
      2196.1908975530096,
      830.3679118625089
    ],
    [
      2225.149996075555,
      830.641590632813
    ],
    [
      2253.210191904104,
      831.2453728240996
    ],
    [
      2281.951624830722,
      830.341059583541
    ],
    [
      2309.145149033381,
      831.185048534089
    ],
    [
      2338.0352630737266,
      831.7598249137307
    ],
    [
      2366.0388872684703,
      831.8792705866433
    ],
    [
      2394.883629855425,
      831.3814392506974
    ],
    [
      2422.659181106509,
      833.2462880003397
    ],
    [
      2452.1954823788687,
      830.4908525026256
    ],
    [
      2479.606474594749,
      835.3698398866275
    ],
    [
      2471.6258295613616,
      871.3858163757991
    ],
    [
      2474.6244044192886,
      895.9870150733395
    ],
    [
      2473.8042688425285,
      926.7001443574256
    ],
    [
      2473.0428011328877,
      952.9258486581375
    ],
    [
      2475.7956670644307,
      984.0782757907887
    ],
    [
      2472.4221659061664,
      1005.9285800432258
    ],
    [
      2480.7403540311007,
      1042.371009692842
    ],
    [
      2451.1460573101244,
      1045.5499461340994
    ],
    [
      2422.488519275719,
      1043.1264191324735
    ],
    [
      2394.169108100538,
      1043.7840459568042
    ],
    [
      2365.782541989923,
      1043.432290221157
    ],
    [
      2337.391171073357,
      1043.3297052715607
    ],
    [
      2308.947479163032,
      1043.228719908933
    ],
    [
      2280.4032699452105,
      1042.254383145852
    ],
    [
      2251.916505765984,
      1042.735280710092
    ],
    [
      2223.823451293741,
      1041.7622820022111
    ],
    [
      2194.483073240424,
      1042.1631194483903
    ],
    [
      2167.7213442636903,
      1040.6862104607387
    ],
    [
      2136.401891825165,
      1043.0741898997762
    ],
    [
      2111.142923656014,
      1035.6456803083731
    ],
    [
      2118.8718632006144,
      999.5552228605482
    ],
    [
      2114.7552997434714,
      975.2643982215554
    ],
    [
      2116.477445857838,
      944.7867875708105
    ],
    [
      2115.8311268348143,
      917.7866061791403
    ],
    [
      2114.90088334398,
      888.6032499323337
    ],
    [
      2117.3334810886104,
      861.2522153816885
    ],
    [
      2111.370230409606,
      830.3365164420029
    ],
    [
      2139.0225267815995,
      830.0136285552928
    ]
  ],
  "notes": {
    "obb_axis_start": [
      1883.0,
      609.0
    ],
    "obb_axis_end": [
      1763.0,
      3643.0
    ],
    "obb_margin_cm": 1.0,
    "obb_source": "base-axis-obb",
    "coordinate_system": {
      "origin": "bottom_left",
      "axes": {
        "row": "left",
        "col": "up"
      },
      "point_order": [
        "row",
        "col"
      ],
      "equivalent_ops": [
        "swap_xy",
        "horizontal_flip"
      ]
    }
  }
}
