{
  "id": "11",
  "contour_type": "adaptive_bspline",
  "image_size": [
    3072,
    4096
  ],
  "pixel_scale_cm": 0.00855,
  "fit": {
    "degree": 3,
    "n_control_points": 32,
    "eval_n": 2000,
    "iou": 0.983715939389998,
    "optimization_metric": "boundary_mean",
    "metric_value": 1.4862367140232684,
    "hausdorff_px": 9.403345800232987,
    "knot_params": [
      0.0,
      0.1,
      0.2,
      0.30000000000000004,
      0.315,
      0.32,
      0.3254166666666667,
      0.4,
      0.5,
      0.5073529411764706,
      0.5123529411764706,
      0.5173529411764706,
      0.5223529411764706,
      0.5273529411764706,
      0.5323529411764706,
      0.5373529411764706,
      0.5423529411764706,
      0.5473529411764706,
      0.5523529411764706,
      0.5573529411764706,
      0.5623529411764706,
      0.6000000000000001,
      0.7000000000000001,
      0.8,
      0.805,
      0.81,
      0.8150000000000001,
      0.8200000000000001,
      0.8250000000000001,
      0.86,
      0.865,
      0.9
    ]
  },
  "control_points": [
    [
      1616.00177628642,
      2684.260464207952
    ],
    [
      1615.939760283792,
      2734.75569473604
    ],
    [
      1612.167872977879,
      2782.67619853175
    ],
    [
      1613.3359658844824,
      2811.763084850166
    ],
    [
      1611.7954584102636,
      2827.692381646577
    ],
    [
      1612.1214348360834,
      2833.2088730031546
    ],
    [
      1611.8238938581087,
      2839.162154398952
    ],
    [
      1612.4819591167816,
      2844.986878577871
    ],
    [
      1610.4972517367992,
      2850.225836428258
    ],
    [
      1611.561175563096,
      2855.6707117778315
    ],
    [
      1609.7443308259724,
      2862.609252953732
    ],
    [
      1613.5907596620825,
      2865.685291270292
    ],
    [
      1606.0746291778098,
      2879.763851727747
    ],
    [
      1617.9292109576386,
      2890.0103431590237
    ],
    [
      1592.838425270087,
      2952.7973085229737
    ],
    [
      1639.520840437086,
      2971.7997887537567
    ],
    [
      1713.5583990751481,
      2963.690413394335
    ],
    [
      1762.0145344767416,
      2973.457515832776
    ],
    [
      1794.9072545123342,
      2970.739560212096
    ],
    [
      1808.6253798680682,
      2974.206389043942
    ],
    [
      1817.6454984926665,
      2972.663179252854
    ],
    [
      1820.4418045756104,
      2960.7532091958165
    ],
    [
      1819.962406361719,
      2944.221133525135
    ],
    [
      1821.1704119931364,
      2914.5046964879693
    ],
    [
      1822.4239597360936,
      2868.9617468272268
    ],
    [
      1825.5327045260979,
      2795.8132714077324
    ],
    [
      1825.27161094291,
      2707.9439405505204
    ],
    [
      1841.0608524085706,
      2592.954822923105
    ],
    [
      1717.4299886908327,
      2618.5286282228385
    ],
    [
      1672.4201986118615,
      2605.1498436660327
    ],
    [
      1618.6909587884018,
      2603.390599251594
    ],
    [
      1619.0604269535695,
      2635.318511599279
    ]
  ],
  "notes": {}
}
