{
  "id": "12",
  "contour_type": "adaptive_bspline",
  "image_size": [
    3072,
    4096
  ],
  "pixel_scale_cm": 0.00855,
  "fit": {
    "degree": 3,
    "n_control_points": 26,
    "eval_n": 2000,
    "iou": 0.9769271405930982,
    "optimization_metric": "boundary_mean",
    "metric_value": 1.8551860078097375,
    "hausdorff_px": 10.61789453143876,
    "knot_params": [
      0.0,
      0.1,
      0.2,
      0.30000000000000004,
      0.335,
      0.34,
      0.3454347826086957,
      0.3508695652173914,
      0.35785714285714293,
      0.4,
      0.485,
      0.49235294117647055,
      0.4997058823529411,
      0.5070588235294117,
      0.5144117647058822,
      0.6000000000000001,
      0.7000000000000001,
      0.8,
      0.8300000000000001,
      0.8352083333333334,
      0.841578947368421,
      0.8472607655502392,
      0.8522607655502392,
      0.8572607655502392,
      0.8622607655502392,
      0.9
    ]
  },
  "control_points": [
    [
      1720.587801852174,
      1729.146187556376
    ],
    [
      1718.2449319702816,
      1748.6546242860109
    ],
    [
      1718.6585416102819,
      1780.6493303531934
    ],
    [
      1715.8878767650294,
      1819.8289141492996
    ],
    [
      1715.958236318544,
      1855.071903308107
    ],
    [
      1713.0273444507045,
      1882.437722781042
    ],
    [
      1715.7851110797053,
      1901.726229339076
    ],
    [
      1707.1230830019288,
      1940.292000318268
    ],
    [
      1720.5390360742044,
      1981.555759985166
    ],
    [
      1687.2340733649803,
      2084.1181949521283
    ],
    [
      1766.5871921767487,
      2091.362670403579
    ],
    [
      1833.2160160821409,
      2085.6989170500447
    ],
    [
      1872.5671827802419,
      2095.5838215417307
    ],
    [
      1875.1315310081807,
      2068.450547518742
    ],
    [
      1874.8984985797072,
      2063.5763947272285
    ],
    [
      1878.0519826987852,
      2055.979231451404
    ],
    [
      1876.6290165052446,
      2049.5675221689867
    ],
    [
      1884.3827841423604,
      2027.045834263735
    ],
    [
      1882.7592241503382,
      1993.1118737068361
    ],
    [
      1908.2921431191,
      1922.1607242907503
    ],
    [
      1894.3871657429377,
      1846.5956473823076
    ],
    [
      1921.3508369242209,
      1717.3377828342068
    ],
    [
      1839.794050193347,
      1701.8420221182412
    ],
    [
      1764.244139144346,
      1713.8356209308542
    ],
    [
      1726.6047555938385,
      1701.3884071262562
    ],
    [
      1719.0435049550401,
      1714.570665470762
    ]
  ],
  "notes": {}
}
