{
  "id": "12",
  "contour_type": "uniform_bspline",
  "image_size": [
    3272,
    1325
  ],
  "pixel_scale_cm": 0.00855,
  "fit": {
    "degree": 3,
    "n_control_points": 35,
    "eval_n": 2000,
    "iou": 0.9910571794171351
  },
  "control_points": [
    [
      1273.8415569577305,
      894.8294552099919
    ],
    [
      1306.5683774670956,
      896.7069626343346
    ],
    [
      1337.6115197191202,
      895.5027521183733
    ],
    [
      1369.672195312606,
      896.4283096191552
    ],
    [
      1401.155073673198,
      895.8818423221337
    ],
    [
      1433.0157648905747,
      896.7536748398093
    ],
    [
      1464.8752975755501,
      896.5811548232989
    ],
    [
      1496.0910732048108,
      896.7819017933186
    ],
    [
      1528.8140882694297,
      896.9318054040186
    ],
    [
      1558.570548429338,
      897.5739469026125
    ],
    [
      1595.4300464851901,
      894.8516546683329
    ],
    [
      1590.7683369127549,
      933.259912528305
    ],
    [
      1591.972233082623,
      961.6293043323294
    ],
    [
      1591.6044405171858,
      996.2287920465119
    ],
    [
      1589.715332146221,
      1024.3354951174033
    ],
    [
      1596.0684350743268,
      1063.105423651035
    ],
    [
      1561.175091246383,
      1064.6784368592569
    ],
    [
      1532.2365144109099,
      1068.4930455554486
    ],
    [
      1501.589363952903,
      1072.8215183423033
    ],
    [
      1471.409099874937,
      1076.202525408563
    ],
    [
      1441.4413357500562,
      1080.7740566147725
    ],
    [
      1411.4919442359749,
      1086.0815173798524
    ],
    [
      1379.6786992475772,
      1084.0605813135642
    ],
    [
      1347.2086774053025,
      1085.1602698101428
    ],
    [
      1316.8955561887035,
      1081.6144836384603
    ],
    [
      1282.6342343801516,
      1082.0159790261177
    ],
    [
      1255.0106948313733,
      1076.3049765892295
    ],
    [
      1215.448292920354,
      1080.4971289822156
    ],
    [
      1207.4407011773917,
      1054.6748002278782
    ],
    [
      1212.7535592970728,
      1019.286443629059
    ],
    [
      1211.1997813447858,
      989.263484118525
    ],
    [
      1211.3932300298954,
      956.7309636040757
    ],
    [
      1215.0777170729511,
      924.8349850755058
    ],
    [
      1207.0403369444405,
      891.9193221773737
    ],
    [
      1244.0206720421502,
      897.3581228127559
    ]
  ],
  "notes": {
    "obb_axis_start": [
      1883.0,
      609.0
    ],
    "obb_axis_end": [
      1763.0,
      3643.0
    ],
    "obb_margin_cm": 1.0,
    "obb_source": "base-axis-obb",
    "coordinate_system": {
      "origin": "bottom_left",
      "axes": {
        "row": "left",
        "col": "up"
      },
      "point_order": [
        "row",
        "col"
      ],
      "equivalent_ops": [
        "swap_xy",
        "horizontal_flip"
      ]
    }
  }
}
