{
  "id": "13",
  "contour_type": "adaptive_bspline",
  "image_size": [
    3072,
    4096
  ],
  "pixel_scale_cm": 0.00855,
  "fit": {
    "degree": 3,
    "n_control_points": 31,
    "eval_n": 2000,
    "iou": 0.964806791051375,
    "optimization_metric": "boundary_mean",
    "metric_value": 1.869554371563569,
    "hausdorff_px": 12.930924901272196,
    "knot_params": [
      0.0,
      0.1,
      0.2,
      0.30000000000000004,
      0.4,
      0.45,
      0.455,
      0.5,
      0.505,
      0.515,
      0.52,
      0.525,
      0.5700000000000001,
      0.5750000000000001,
      0.5823529411764706,
      0.5873529411764706,
      0.5923529411764706,
      0.5973529411764706,
      0.6023529411764706,
      0.6073529411764707,
      0.6123529411764707,
      0.6173529411764707,
      0.6223529411764707,
      0.6273529411764707,
      0.6323529411764707,
      0.6373529411764707,
      0.6423529411764707,
      0.6473529411764707,
      0.7000000000000001,
      0.8,
      0.9
    ]
  },
  "control_points": [
    [
      1138.4775665406012,
      806.8841819964551
    ],
    [
      1122.6628446322604,
      825.1889199885268
    ],
    [
      1118.1602036694267,
      833.9539825488606
    ],
    [
      1112.2428876026459,
      846.1227562125988
    ],
    [
      1107.5977465889403,
      856.3296789720519
    ],
    [
      1102.6381419189984,
      870.7740495960868
    ],
    [
      1097.5270948587408,
      884.2509472551976
    ],
    [
      1094.0512964723637,
      895.5814341498623
    ],
    [
      1091.9484705382538,
      903.8087093457418
    ],
    [
      1090.2259735269115,
      908.6921485855889
    ],
    [
      1088.3449275138155,
      913.2343919965574
    ],
    [
      1087.3745045546532,
      917.9913467550411
    ],
    [
      1085.8943148673748,
      922.5238823160192
    ],
    [
      1083.9635716349483,
      926.8604600872497
    ],
    [
      1083.6636589123855,
      931.9074349451874
    ],
    [
      1081.6819714224437,
      936.1869581647755
    ],
    [
      1082.2697391211746,
      941.6584449336947
    ],
    [
      1078.6444932281267,
      945.1647292132777
    ],
    [
      1079.2630438509464,
      950.7850014012088
    ],
    [
      1074.7968584406285,
      957.8183545441594
    ],
    [
      1075.321885149518,
      980.0717889440006
    ],
    [
      1059.066193848786,
      1014.5380562394774
    ],
    [
      1063.4021981137873,
      1081.9864573973969
    ],
    [
      1029.0493391444013,
      1166.5970096628084
    ],
    [
      1183.35600263252,
      1187.124354244128
    ],
    [
      1193.2830260908088,
      1106.1699476010576
    ],
    [
      1192.0900350616182,
      992.144516640118
    ],
    [
      1197.9810861536905,
      901.9937742594809
    ],
    [
      1199.6309099234993,
      816.44750916244
    ],
    [
      1202.3430278686526,
      737.8295397872807
    ],
    [
      1150.8202042464327,
      789.5087717802593
    ]
  ],
  "notes": {}
}
