{
  "id": "13",
  "contour_type": "uniform_bspline",
  "image_size": [
    3272,
    1325
  ],
  "pixel_scale_cm": 0.00855,
  "fit": {
    "degree": 3,
    "n_control_points": 38,
    "eval_n": 2000,
    "iou": 0.9863997315736495
  },
  "control_points": [
    [
      321.7163024183686,
      288.19515536754943
    ],
    [
      344.42275998107743,
      272.3060256988167
    ],
    [
      364.7891626923059,
      257.9474298959178
    ],
    [
      388.8499499906874,
      249.39008271957778
    ],
    [
      412.3340938033731,
      241.542423652166
    ],
    [
      436.8089295392326,
      235.13672988105714
    ],
    [
      461.0078298229797,
      228.702232582747
    ],
    [
      485.7786115898124,
      223.33480101825876
    ],
    [
      510.83088163412947,
      219.17534037261225
    ],
    [
      535.9482089918909,
      214.60873001039818
    ],
    [
      561.229212717925,
      211.444626374187
    ],
    [
      587.0268684589563,
      207.96122267109808
    ],
    [
      612.6540754642726,
      207.19936193222975
    ],
    [
      639.7476539425754,
      204.43208193494752
    ],
    [
      664.367613896806,
      206.57808636180653
    ],
    [
      696.9990924676595,
      204.74588846377856
    ],
    [
      697.1225901289808,
      233.9570643208292
    ],
    [
      697.064366211237,
      259.1026682670597
    ],
    [
      697.9085014772277,
      287.2964322190983
    ],
    [
      697.4555005600675,
      310.9763787412817
    ],
    [
      700.140494615534,
      344.351989266092
    ],
    [
      668.7929448457912,
      340.7751962663956
    ],
    [
      643.7642820079991,
      341.60045876938534
    ],
    [
      616.266112943727,
      341.2308144171086
    ],
    [
      590.0425818760383,
      341.3120973035177
    ],
    [
      563.047582040535,
      341.3205384506382
    ],
    [
      536.4933089619559,
      340.64004003745345
    ],
    [
      509.69413005573915,
      341.8092674454449
    ],
    [
      483.89550773145515,
      341.58046426963983
    ],
    [
      457.0683181160264,
      340.3708501943522
    ],
    [
      430.48569340734207,
      340.62464505899106
    ],
    [
      403.3953888100715,
      340.46917804100895
    ],
    [
      377.45968117965106,
      340.0695207221263
    ],
    [
      349.210565630877,
      340.59571228132154
    ],
    [
      325.211541313599,
      338.4919482290816
    ],
    [
      292.98929597429424,
      342.7542155878741
    ],
    [
      279.35516231394047,
      325.33778683100286
    ],
    [
      305.4367808379794,
      306.75429792005343
    ]
  ],
  "notes": {
    "obb_axis_start": [
      1883.0,
      609.0
    ],
    "obb_axis_end": [
      1763.0,
      3643.0
    ],
    "obb_margin_cm": 1.0,
    "obb_source": "base-axis-obb",
    "coordinate_system": {
      "origin": "bottom_left",
      "axes": {
        "row": "left",
        "col": "up"
      },
      "point_order": [
        "row",
        "col"
      ],
      "equivalent_ops": [
        "swap_xy",
        "horizontal_flip"
      ]
    }
  }
}
