{
  "id": "14",
  "contour_type": "adaptive_bspline",
  "image_size": [
    3072,
    4096
  ],
  "pixel_scale_cm": 0.00855,
  "fit": {
    "degree": 3,
    "n_control_points": 29,
    "eval_n": 2000,
    "iou": 0.9566123778501628,
    "optimization_metric": "boundary_mean",
    "metric_value": 2.1768390738238415,
    "hausdorff_px": 10.957377803490148,
    "knot_params": [
      0.0,
      0.1,
      0.2,
      0.30000000000000004,
      0.4,
      0.42,
      0.465,
      0.47194444444444444,
      0.4773792270531401,
      0.4823792270531401,
      0.48737922705314013,
      0.49237922705314013,
      0.49737922705314014,
      0.5023792270531401,
      0.5073792270531401,
      0.5123792270531401,
      0.5173792270531401,
      0.5223792270531401,
      0.5273792270531401,
      0.5323792270531401,
      0.5373792270531401,
      0.545,
      0.55,
      0.555,
      0.56,
      0.6000000000000001,
      0.7000000000000001,
      0.8,
      0.9
    ]
  },
  "control_points": [
    [
      1270.0876777427156,
      709.1914057854057
    ],
    [
      1258.4159990453036,
      730.8726339282256
    ],
    [
      1265.3033705201358,
      737.3809999524145
    ],
    [
      1261.9486899939577,
      745.5145694987374
    ],
    [
      1262.8707871230943,
      749.3954432218578
    ],
    [
      1261.3726946544039,
      755.7585601824786
    ],
    [
      1262.4289542326203,
      761.1120569383942
    ],
    [
      1261.6519182194265,
      766.9170778011988
    ],
    [
      1262.3745066194956,
      772.6163788696434
    ],
    [
      1261.4817717725432,
      778.1167398973128
    ],
    [
      1262.8241579179921,
      784.18212368594
    ],
    [
      1260.6438481952243,
      789.1524409932151
    ],
    [
      1261.3042212224414,
      795.0584785302335
    ],
    [
      1260.475920493881,
      801.3980817965847
    ],
    [
      1262.0756609499836,
      807.5460207735268
    ],
    [
      1258.3598819854574,
      814.1052420249702
    ],
    [
      1262.4103865961329,
      822.3337429545222
    ],
    [
      1255.7263590754158,
      846.3367475322066
    ],
    [
      1264.3206080622747,
      883.5963107986558
    ],
    [
      1246.1378811847458,
      960.0365151866711
    ],
    [
      1268.304587286499,
      1036.7666298762745
    ],
    [
      1215.8714210640148,
      1171.5918013513967
    ],
    [
      1360.6367150299625,
      1193.1674712678202
    ],
    [
      1341.3084694307993,
      1052.6656067878948
    ],
    [
      1355.2332896637754,
      953.1991802133729
    ],
    [
      1351.5147845527165,
      843.912155039441
    ],
    [
      1362.5606093069093,
      753.0004759893928
    ],
    [
      1352.3637977487315,
      682.8374157372344
    ],
    [
      1288.8025206742166,
      717.2292917128887
    ]
  ],
  "notes": {}
}
