{
  "id": "14",
  "contour_type": "uniform_bspline",
  "image_size": [
    3272,
    1325
  ],
  "pixel_scale_cm": 0.00855,
  "fit": {
    "degree": 3,
    "n_control_points": 36,
    "eval_n": 2000,
    "iou": 0.9863403027165172
  },
  "control_points": [
    [
      234.38845890380264,
      402.886102906989
    ],
    [
      262.47827667880824,
      397.8995557051903
    ],
    [
      295.763569495091,
      401.46183255484857
    ],
    [
      325.77580395667167,
      400.0781119383455
    ],
    [
      357.376988641872,
      400.6877332488086
    ],
    [
      388.3894337743292,
      401.17567269900337
    ],
    [
      419.5489798055279,
      400.85175513982017
    ],
    [
      450.72467294082685,
      402.01468772256135
    ],
    [
      481.8204507632121,
      400.61873862884977
    ],
    [
      511.81251834094417,
      401.0309628927291
    ],
    [
      543.2944915244915,
      402.3465743379095
    ],
    [
      574.1767104961625,
      401.07477386219375
    ],
    [
      605.0103837939266,
      401.9666525487121
    ],
    [
      637.0703928349394,
      401.8181545147893
    ],
    [
      666.1513215513237,
      402.60175344924187
    ],
    [
      702.9026513318988,
      399.51692503648474
    ],
    [
      695.8399933184885,
      439.3022143058902
    ],
    [
      699.9080293276427,
      465.47135566416796
    ],
    [
      697.5452091876798,
      502.33986304257155
    ],
    [
      659.1616718334396,
      495.6764656274536
    ],
    [
      631.2600045331642,
      498.1329016323907
    ],
    [
      598.6107786603258,
      496.86795142160895
    ],
    [
      568.1667662447747,
      497.1068663840067
    ],
    [
      537.0067417802715,
      497.22702768319186
    ],
    [
      505.59505399289594,
      496.7189019745797
    ],
    [
      475.1496765446484,
      497.0343766031913
    ],
    [
      444.75790199148446,
      496.7267567162455
    ],
    [
      412.9881751619844,
      496.1404763181863
    ],
    [
      382.4846772453361,
      496.63110592014596
    ],
    [
      350.7636608289946,
      495.91148073933323
    ],
    [
      320.44168770849683,
      496.31303751330665
    ],
    [
      287.892966438807,
      495.1077399617743
    ],
    [
      259.1882404092386,
      495.5254739511786
    ],
    [
      222.12048185873937,
      497.04745126597027
    ],
    [
      224.98769166776833,
      462.59209112219946
    ],
    [
      232.47932080662179,
      442.68624340984525
    ]
  ],
  "notes": {
    "obb_axis_start": [
      1883.0,
      609.0
    ],
    "obb_axis_end": [
      1763.0,
      3643.0
    ],
    "obb_margin_cm": 1.0,
    "obb_source": "base-axis-obb",
    "coordinate_system": {
      "origin": "bottom_left",
      "axes": {
        "row": "left",
        "col": "up"
      },
      "point_order": [
        "row",
        "col"
      ],
      "equivalent_ops": [
        "swap_xy",
        "horizontal_flip"
      ]
    }
  }
}
