{
  "id": "15",
  "contour_type": "adaptive_bspline",
  "image_size": [
    3072,
    4096
  ],
  "pixel_scale_cm": 0.00855,
  "fit": {
    "degree": 3,
    "n_control_points": 10,
    "eval_n": 2000,
    "iou": 0.9406106699474331,
    "optimization_metric": "boundary_mean",
    "metric_value": 2.840412830540332,
    "hausdorff_px": 13.633916686607078,
    "knot_params": [
      0.0,
      0.1,
      0.2,
      0.30000000000000004,
      0.4,
      0.5,
      0.6000000000000001,
      0.7000000000000001,
      0.8,
      0.9
    ]
  },
  "control_points": [
    [
      1400.5806184880587,
      931.9231594688547
    ],
    [
      1425.7568540681207,
      1036.0034591606247
    ],
    [
      1370.7972104338137,
      1163.6148287141955
    ],
    [
      1504.8556603618272,
      1208.6888044384486
    ],
    [
      1501.2510447442667,
      1075.0918771091046
    ],
    [
      1508.9255404636456,
      973.6473529306273
    ],
    [
      1503.6279231553126,
      862.4418756698411
    ],
    [
      1533.037271498791,
      746.9790562404768
    ],
    [
      1397.272690322454,
      690.1453159320761
    ],
    [
      1428.4326722114135,
      830.4461018534707
    ]
  ],
  "notes": {}
}
