{
  "id": "15",
  "contour_type": "uniform_bspline",
  "image_size": [
    3272,
    1325
  ],
  "pixel_scale_cm": 0.00855,
  "fit": {
    "degree": 3,
    "n_control_points": 40,
    "eval_n": 2000,
    "iou": 0.9863517900416076
  },
  "control_points": [
    [
      286.6431053117535,
      555.2466854282659
    ],
    [
      315.4383640485954,
      557.0776817418891
    ],
    [
      342.0704770997452,
      556.2001723152325
    ],
    [
      369.9990085984332,
      557.0589358699647
    ],
    [
      397.1304350570242,
      556.9308773801611
    ],
    [
      424.6553051065922,
      556.8128921735236
    ],
    [
      451.9812355853288,
      557.5673029980669
    ],
    [
      479.5557560709849,
      556.2803459312674
    ],
    [
      504.7103270518629,
      557.4195370281693
    ],
    [
      532.8856671665931,
      557.5186788831254
    ],
    [
      559.7461247263316,
      557.4134463785772
    ],
    [
      587.5951110372972,
      557.4532470333454
    ],
    [
      614.5695074393225,
      558.2384754616378
    ],
    [
      642.7843174727407,
      557.3060989319324
    ],
    [
      668.3298844167057,
      558.8888287187472
    ],
    [
      700.6120835331928,
      554.7355762088273
    ],
    [
      698.7711428800226,
      589.6006595777314
    ],
    [
      695.6199531225429,
      611.4681885356586
    ],
    [
      703.2840435632108,
      646.791834344292
    ],
    [
      680.7539003268218,
      656.224303202853
    ],
    [
      650.3033472365921,
      651.256414256653
    ],
    [
      624.516990395553,
      653.5678961861379
    ],
    [
      596.3193854458091,
      652.383251926535
    ],
    [
      569.4682525093073,
      653.1990525194074
    ],
    [
      541.6296867886003,
      652.2270183339785
    ],
    [
      514.4980364835226,
      652.6879495192718
    ],
    [
      487.07703354154717,
      652.6377116136912
    ],
    [
      459.57325570050205,
      652.1896478189515
    ],
    [
      432.1994285965666,
      652.2368164307229
    ],
    [
      404.7802569682067,
      651.9912185787471
    ],
    [
      377.34281128134046,
      651.9615622584281
    ],
    [
      350.0941830493015,
      651.9742039428177
    ],
    [
      322.44938842943407,
      651.7881733383147
    ],
    [
      295.5282622345462,
      651.8294044384675
    ],
    [
      266.87948137110834,
      651.5186802315623
    ],
    [
      254.5173601561646,
      624.49944693572
    ],
    [
      243.88404367261637,
      602.9500696967968
    ],
    [
      235.61306392358108,
      577.7976327867962
    ],
    [
      227.78816784189303,
      551.3271098194602
    ],
    [
      261.8477465231513,
      558.0063708822627
    ]
  ],
  "notes": {
    "obb_axis_start": [
      1883.0,
      609.0
    ],
    "obb_axis_end": [
      1763.0,
      3643.0
    ],
    "obb_margin_cm": 1.0,
    "obb_source": "base-axis-obb",
    "coordinate_system": {
      "origin": "bottom_left",
      "axes": {
        "row": "left",
        "col": "up"
      },
      "point_order": [
        "row",
        "col"
      ],
      "equivalent_ops": [
        "swap_xy",
        "horizontal_flip"
      ]
    }
  }
}
