{
  "id": "16",
  "contour_type": "uniform_bspline",
  "image_size": [
    3272,
    1325
  ],
  "pixel_scale_cm": 0.00855,
  "fit": {
    "degree": 3,
    "n_control_points": 37,
    "eval_n": 2000,
    "iou": 0.9917495803136388
  },
  "control_points": [
    [
      386.5719020231759,
      712.1620401247826
    ],
    [
      417.1416315881735,
      712.5392671398777
    ],
    [
      444.09444681477066,
      712.4975833530489
    ],
    [
      473.3723148315869,
      712.504458608169
    ],
    [
      500.53790732244465,
      712.4469544038418
    ],
    [
      528.8124001210831,
      713.3681262909959
    ],
    [
      556.9727275389481,
      712.6175066412447
    ],
    [
      585.5755499802469,
      713.4963037831772
    ],
    [
      613.5449236290913,
      713.1920531387964
    ],
    [
      642.4781320570116,
      713.6825962246221
    ],
    [
      669.390943652357,
      713.223360750284
    ],
    [
      702.1897274480582,
      713.5158111328985
    ],
    [
      695.2492328405417,
      748.974973889053
    ],
    [
      697.4878016039554,
      774.3332595108873
    ],
    [
      696.1918090029465,
      804.1208917629735
    ],
    [
      696.3427251464398,
      831.8552931101872
    ],
    [
      696.1255776730804,
      860.3350136982151
    ],
    [
      694.7645207894977,
      889.3109048997778
    ],
    [
      695.6329052135504,
      916.42644371286
    ],
    [
      692.5834615918427,
      949.7082426059633
    ],
    [
      661.3734307491898,
      931.7503479576226
    ],
    [
      640.8174297222595,
      922.7928787249757
    ],
    [
      615.7543121631154,
      908.7941227847296
    ],
    [
      593.0240177867338,
      897.3845344244969
    ],
    [
      568.7957091488331,
      885.1673337110835
    ],
    [
      546.8651396982715,
      870.128887540893
    ],
    [
      523.7054272784699,
      856.6120291169184
    ],
    [
      501.51094622368794,
      841.590916232559
    ],
    [
      478.5083969341497,
      828.050745154686
    ],
    [
      456.49188246670826,
      812.435689884483
    ],
    [
      433.98538752177194,
      798.0033230243048
    ],
    [
      411.93605756776105,
      782.226411866073
    ],
    [
      390.2182026113121,
      766.4703763222346
    ],
    [
      368.17225481078856,
      749.9186241456057
    ],
    [
      347.3454697699459,
      734.2922512655907
    ],
    [
      323.9778907801989,
      710.9053264221502
    ],
    [
      362.4950034511678,
      712.3769294916137
    ]
  ],
  "notes": {
    "obb_axis_start": [
      1883.0,
      609.0
    ],
    "obb_axis_end": [
      1763.0,
      3643.0
    ],
    "obb_margin_cm": 1.0,
    "obb_source": "base-axis-obb",
    "coordinate_system": {
      "origin": "bottom_left",
      "axes": {
        "row": "left",
        "col": "up"
      },
      "point_order": [
        "row",
        "col"
      ],
      "equivalent_ops": [
        "swap_xy",
        "horizontal_flip"
      ]
    }
  }
}
