{
  "id": "16",
  "contour_type": "adaptive_bspline",
  "image_size": [
    3072,
    4096
  ],
  "pixel_scale_cm": 0.00855,
  "fit": {
    "degree": 3,
    "n_control_points": 11,
    "eval_n": 2000,
    "iou": 0.9714877964517243,
    "optimization_metric": "boundary_mean",
    "metric_value": 1.8556733462130306,
    "hausdorff_px": 11.635868097802641,
    "knot_params": [
      0.0,
      0.1,
      0.2,
      0.30000000000000004,
      0.35000000000000003,
      0.4,
      0.5,
      0.6000000000000001,
      0.7000000000000001,
      0.8,
      0.9
    ]
  },
  "control_points": [
    [
      1567.343290075473,
      988.8734366312265
    ],
    [
      1559.64755971696,
      1092.3729426318812
    ],
    [
      1557.9952854076494,
      1205.9822307421425
    ],
    [
      1680.6805768436552,
      1175.6316243507135
    ],
    [
      1806.4196816427614,
      1207.6971717676242
    ],
    [
      1750.583673941514,
      1089.3805871770878
    ],
    [
      1710.2704147530333,
      1019.7538049616531
    ],
    [
      1661.9513813635438,
      936.4433602654042
    ],
    [
      1624.6344928481608,
      879.2243829473864
    ],
    [
      1567.7520369767847,
      795.8487638261241
    ],
    [
      1569.1945741089014,
      909.4480311003381
    ]
  ],
  "notes": {}
}
