{
  "id": "2",
  "contour_type": "adaptive_bspline",
  "image_size": [
    3072,
    4096
  ],
  "pixel_scale_cm": 0.00855,
  "fit": {
    "degree": 3,
    "n_control_points": 32,
    "eval_n": 2000,
    "iou": 0.9660314297650802,
    "optimization_metric": "boundary_mean",
    "metric_value": 2.694272522238996,
    "hausdorff_px": 14.799283005520078,
    "knot_params": [
      0.0,
      0.1,
      0.2,
      0.30000000000000004,
      0.395,
      0.4,
      0.4073529411764706,
      0.4123529411764706,
      0.4173529411764706,
      0.4223529411764706,
      0.4273529411764706,
      0.4323529411764706,
      0.4373529411764706,
      0.4423529411764706,
      0.4473529411764706,
      0.4523529411764706,
      0.45735294117647063,
      0.46235294117647063,
      0.46735294117647064,
      0.49,
      0.495,
      0.5019444444444444,
      0.5067521367521367,
      0.511559829059829,
      0.6000000000000001,
      0.7000000000000001,
      0.8,
      0.89,
      0.895,
      0.9,
      0.905,
      0.91
    ]
  },
  "control_points": [
    [
      1314.876768222344,
      1296.1750888811093
    ],
    [
      1319.901557453411,
      1292.4810651046275
    ],
    [
      1316.9429199520655,
      1307.3187190926421
    ],
    [
      1318.8712583420254,
      1312.2867342007953
    ],
    [
      1316.6460121947155,
      1320.8126097714128
    ],
    [
      1316.9503774993186,
      1328.112260942776
    ],
    [
      1317.35584657357,
      1336.3962269038575
    ],
    [
      1316.0673038678983,
      1343.6131649470512
    ],
    [
      1315.9678898291347,
      1351.415164249484
    ],
    [
      1316.0239300241535,
      1359.369321752446
    ],
    [
      1316.1294974069956,
      1369.3507387982872
    ],
    [
      1314.1410551667125,
      1381.4215740564475
    ],
    [
      1315.9371511436536,
      1396.4312172404861
    ],
    [
      1312.8196752149952,
      1411.7086729319333
    ],
    [
      1315.0188889232704,
      1423.6620425115912
    ],
    [
      1311.4352964342368,
      1447.469042092333
    ],
    [
      1314.6288424668794,
      1484.6106513040627
    ],
    [
      1303.6322255529076,
      1569.0625370481937
    ],
    [
      1314.2379773480639,
      1666.6475383686648
    ],
    [
      1285.8975989986097,
      1816.5869264016756
    ],
    [
      1325.9280174063167,
      1883.319748380643
    ],
    [
      1449.5872164865107,
      1863.3940621006864
    ],
    [
      1444.0140798854943,
      1846.5569587446241
    ],
    [
      1445.7398232513674,
      1805.4363027970037
    ],
    [
      1449.100725203266,
      1765.8210484929004
    ],
    [
      1446.801797657565,
      1692.8760847016633
    ],
    [
      1459.2299112128342,
      1571.912139995837
    ],
    [
      1449.9567249492268,
      1449.8809538293156
    ],
    [
      1478.4447759532984,
      1282.4067756599818
    ],
    [
      1432.5626286509028,
      1220.1102450104806
    ],
    [
      1302.5689806178736,
      1242.5390601565603
    ],
    [
      1325.3768883963155,
      1254.7008959437596
    ]
  ],
  "notes": {}
}
