{
  "id": "3",
  "contour_type": "adaptive_bspline",
  "image_size": [
    3072,
    4096
  ],
  "pixel_scale_cm": 0.00855,
  "fit": {
    "degree": 3,
    "n_control_points": 27,
    "eval_n": 2000,
    "iou": 0.9677896361064678,
    "optimization_metric": "boundary_mean",
    "metric_value": 2.6119281727321795,
    "hausdorff_px": 15.876133966127352,
    "knot_params": [
      0.0,
      0.1,
      0.2,
      0.30000000000000004,
      0.4,
      0.4104166666666667,
      0.5,
      0.6000000000000001,
      0.7000000000000001,
      0.8,
      0.895,
      0.9,
      0.9073529411764706,
      0.9123529411764706,
      0.9173529411764706,
      0.9223529411764706,
      0.9273529411764706,
      0.9323529411764706,
      0.9373529411764706,
      0.9423529411764706,
      0.9473529411764706,
      0.9523529411764706,
      0.9573529411764706,
      0.9623529411764706,
      0.9673529411764706,
      0.9723529411764706,
      0.995
    ]
  },
  "control_points": [
    [
      1511.877403336237,
      1484.6840444573945
    ],
    [
      1514.2031731591287,
      1624.2801214366634
    ],
    [
      1509.7532971862527,
      1758.0032893040523
    ],
    [
      1492.8086481026965,
      1890.9781855207434
    ],
    [
      1602.5564841480182,
      1864.7587411858754
    ],
    [
      1636.2006774806393,
      1880.1587739749882
    ],
    [
      1654.6259608934104,
      1862.0720811031442
    ],
    [
      1644.3470051410584,
      1852.2091412877764
    ],
    [
      1652.6474327101457,
      1845.2295742297945
    ],
    [
      1647.898346814673,
      1837.238076308739
    ],
    [
      1651.6641691575066,
      1829.5389947852848
    ],
    [
      1648.6417406758542,
      1821.518707911102
    ],
    [
      1652.902363461595,
      1814.7340671911002
    ],
    [
      1649.605987418374,
      1805.9166884262297
    ],
    [
      1651.8501326351866,
      1798.964357356811
    ],
    [
      1651.6084248702755,
      1790.7518308245697
    ],
    [
      1651.982579308009,
      1783.6761689711573
    ],
    [
      1652.293903968555,
      1772.6421512102045
    ],
    [
      1652.261604393387,
      1761.7599312775621
    ],
    [
      1654.6358178652513,
      1733.1196541383897
    ],
    [
      1653.7322373924087,
      1685.083278513835
    ],
    [
      1661.0478149352814,
      1594.0976029748706
    ],
    [
      1659.2773814289458,
      1485.384325026885
    ],
    [
      1672.265166814178,
      1339.8028095719528
    ],
    [
      1668.6256190744646,
      1228.3560849039477
    ],
    [
      1495.6366993881913,
      1235.15358264789
    ],
    [
      1533.4507134347737,
      1357.8084105180903
    ]
  ],
  "notes": {}
}
