{
  "id": "3",
  "contour_type": "uniform_bspline",
  "image_size": [
    3272,
    1325
  ],
  "pixel_scale_cm": 0.00855,
  "fit": {
    "degree": 3,
    "n_control_points": 40,
    "eval_n": 2000,
    "iou": 0.9890027655767041
  },
  "control_points": [
    [
      832.6682954942801,
      681.4678318579722
    ],
    [
      872.5577888738878,
      684.2129367748378
    ],
    [
      910.4208766613651,
      682.6703128272984
    ],
    [
      949.4574533567454,
      683.9052737615991
    ],
    [
      987.925924449132,
      683.4387277842918
    ],
    [
      1026.725189138177,
      684.7105454302607
    ],
    [
      1065.1090174937854,
      682.5017614001652
    ],
    [
      1101.6095566292247,
      684.8091604768954
    ],
    [
      1141.249538985206,
      684.1153190856912
    ],
    [
      1179.0337027518071,
      684.9282521950249
    ],
    [
      1218.7942100742573,
      684.5225408829153
    ],
    [
      1255.6737490657601,
      685.8771398678045
    ],
    [
      1297.2116652200964,
      683.3272575573437
    ],
    [
      1330.3513794129055,
      688.7468061901627
    ],
    [
      1380.2869099216928,
      677.7210808989387
    ],
    [
      1387.7554558471404,
      711.9899689711849
    ],
    [
      1383.2445858275998,
      754.8812274234281
    ],
    [
      1384.4262838880927,
      789.2125982649261
    ],
    [
      1386.8514421624056,
      836.2799808716923
    ],
    [
      1339.816396772368,
      827.8304994871044
    ],
    [
      1304.7388503171435,
      831.2530464073977
    ],
    [
      1264.2989538422246,
      829.2073423947941
    ],
    [
      1226.7250051927138,
      830.2088197497324
    ],
    [
      1187.4768102718003,
      829.3663374544294
    ],
    [
      1149.2815352230407,
      829.580083266553
    ],
    [
      1110.058728072477,
      828.5768438473331
    ],
    [
      1072.5357737369388,
      830.765710408474
    ],
    [
      1035.4677979960675,
      828.4062612933003
    ],
    [
      995.7835158684759,
      829.0784824224411
    ],
    [
      958.1835305353538,
      828.5805594125475
    ],
    [
      918.2806658218822,
      828.7714522424124
    ],
    [
      881.5951146964021,
      827.7339720284183
    ],
    [
      839.70442501868,
      829.6805632815342
    ],
    [
      807.0850186459613,
      824.8269715492206
    ],
    [
      755.592108516902,
      835.0599872878497
    ],
    [
      756.8215824696078,
      793.7281474183844
    ],
    [
      756.2396374678422,
      755.6162248875369
    ],
    [
      759.9266533115647,
      716.368435711053
    ],
    [
      750.9819203020877,
      676.5252146652529
    ],
    [
      796.4846893507754,
      685.6129381799194
    ]
  ],
  "notes": {
    "obb_axis_start": [
      1883.0,
      609.0
    ],
    "obb_axis_end": [
      1763.0,
      3643.0
    ],
    "obb_margin_cm": 1.0,
    "obb_source": "base-axis-obb",
    "coordinate_system": {
      "origin": "bottom_left",
      "axes": {
        "row": "left",
        "col": "up"
      },
      "point_order": [
        "row",
        "col"
      ],
      "equivalent_ops": [
        "swap_xy",
        "horizontal_flip"
      ]
    }
  }
}
