{
  "id": "4",
  "contour_type": "adaptive_bspline",
  "image_size": [
    3072,
    4096
  ],
  "pixel_scale_cm": 0.00855,
  "fit": {
    "degree": 3,
    "n_control_points": 29,
    "eval_n": 2000,
    "iou": 0.9660661621007,
    "optimization_metric": "boundary_mean",
    "metric_value": 2.2500573512201076,
    "hausdorff_px": 14.172565819725822,
    "knot_params": [
      0.0,
      0.1,
      0.2,
      0.30000000000000004,
      0.365,
      0.37,
      0.375,
      0.38,
      0.4,
      0.5,
      0.52,
      0.525,
      0.5319444444444444,
      0.5373792270531401,
      0.5423792270531401,
      0.5473792270531401,
      0.5523792270531401,
      0.5573792270531401,
      0.5623792270531401,
      0.5673792270531401,
      0.5723792270531401,
      0.5773792270531402,
      0.5823792270531402,
      0.5873792270531402,
      0.5923792270531402,
      0.6000000000000001,
      0.7000000000000001,
      0.8,
      0.9
    ]
  },
  "control_points": [
    [
      1729.7392302663459,
      1287.963698312898
    ],
    [
      1729.5985440143502,
      1310.7226886843762
    ],
    [
      1728.0553309557163,
      1351.49415979259
    ],
    [
      1726.6636053269676,
      1387.4373678570062
    ],
    [
      1725.7864704304084,
      1416.8364349106475
    ],
    [
      1724.7714075004963,
      1433.3043211423274
    ],
    [
      1725.156147755272,
      1440.969779816577
    ],
    [
      1724.9789214193565,
      1447.4715317683492
    ],
    [
      1723.1398488825118,
      1450.904582892511
    ],
    [
      1724.7415368183915,
      1459.6148146427936
    ],
    [
      1723.3670427425434,
      1460.8266160407713
    ],
    [
      1724.521355675874,
      1471.6115709783269
    ],
    [
      1723.6862852227416,
      1470.6962158735719
    ],
    [
      1722.1902296074327,
      1482.7706261782166
    ],
    [
      1723.8513392026425,
      1480.4608154106782
    ],
    [
      1722.1116160825388,
      1494.8601579131828
    ],
    [
      1723.9506566206783,
      1490.6897726420245
    ],
    [
      1720.1080746549321,
      1518.6234485509156
    ],
    [
      1724.6938787426548,
      1527.5457721922191
    ],
    [
      1712.2092094208563,
      1619.1864659570626
    ],
    [
      1727.3797113867804,
      1647.165753845594
    ],
    [
      1887.5370439282187,
      1667.2984722048861
    ],
    [
      1895.2684247386983,
      1588.996968060397
    ],
    [
      1868.3016198122766,
      1468.8274777658212
    ],
    [
      1852.3956865632824,
      1384.1925381628644
    ],
    [
      1830.135829137716,
      1286.9024164067278
    ],
    [
      1803.9242301488205,
      1237.6906153174534
    ],
    [
      1732.6727574136312,
      1252.345608259765
    ],
    [
      1732.1773200269981,
      1257.1276410762662
    ]
  ],
  "notes": {}
}
