{
  "id": "5",
  "contour_type": "adaptive_bspline",
  "image_size": [
    3072,
    4096
  ],
  "pixel_scale_cm": 0.00855,
  "fit": {
    "degree": 3,
    "n_control_points": 40,
    "eval_n": 2000,
    "iou": 0.968474122421656,
    "optimization_metric": "boundary_mean",
    "metric_value": 2.525657577608698,
    "hausdorff_px": 14.577926191096374,
    "knot_params": [
      0.0,
      0.005,
      0.01,
      0.015,
      0.1,
      0.2,
      0.30000000000000004,
      0.385,
      0.39,
      0.4,
      0.405,
      0.41000000000000003,
      0.41500000000000004,
      0.47000000000000003,
      0.47500000000000003,
      0.48,
      0.485,
      0.5,
      0.52,
      0.525,
      0.6000000000000001,
      0.7000000000000001,
      0.8,
      0.85,
      0.855,
      0.8623529411764705,
      0.8673529411764705,
      0.8723529411764706,
      0.8773529411764706,
      0.8823529411764706,
      0.8873529411764706,
      0.8923529411764706,
      0.8973529411764706,
      0.9023529411764706,
      0.9073529411764706,
      0.9123529411764706,
      0.9173529411764706,
      0.9223529411764706,
      0.9273529411764706,
      0.9323529411764706
    ]
  },
  "control_points": [
    [
      1291.097746819703,
      2134.826124691452
    ],
    [
      1314.7211355925317,
      2217.6222517592373
    ],
    [
      1315.4569834888098,
      2254.568455124304
    ],
    [
      1321.8595404103228,
      2276.473715810681
    ],
    [
      1320.823608981443,
      2291.2634958978806
    ],
    [
      1326.0052442956935,
      2312.5183185603264
    ],
    [
      1327.1226911315848,
      2339.5879891518
    ],
    [
      1331.9846466619376,
      2366.5408444210357
    ],
    [
      1330.128836720761,
      2389.442352861779
    ],
    [
      1338.0527479201921,
      2406.8703013637123
    ],
    [
      1326.3119411610483,
      2425.7288282130585
    ],
    [
      1350.3070358055895,
      2447.3653861210355
    ],
    [
      1308.9843711796482,
      2506.8479270138405
    ],
    [
      1388.1297990028963,
      2560.745978771902
    ],
    [
      1472.2634919263994,
      2508.356645662242
    ],
    [
      1437.7507486214465,
      2368.983950141278
    ],
    [
      1463.4684098302243,
      2284.305754076098
    ],
    [
      1453.4345815917425,
      2212.5389970965407
    ],
    [
      1460.8700003790427,
      2184.0016294596076
    ],
    [
      1458.7880334454449,
      2166.6133788176126
    ],
    [
      1460.7818932476537,
      2159.553697304624
    ],
    [
      1459.6148587862326,
      2150.1871148053965
    ],
    [
      1459.9922546449066,
      2142.505769279396
    ],
    [
      1461.5190601434506,
      2134.9178865035506
    ],
    [
      1460.727756008048,
      2126.5794661858863
    ],
    [
      1461.1811687591155,
      2118.6204609817664
    ],
    [
      1460.6708963965898,
      2110.3920469653426
    ],
    [
      1462.7408302822705,
      2103.044793106698
    ],
    [
      1461.521418567919,
      2094.6718056830036
    ],
    [
      1462.291805937657,
      2086.4846290843575
    ],
    [
      1462.9519978000558,
      2079.397584587845
    ],
    [
      1463.3420541495216,
      2061.6097766964936
    ],
    [
      1463.1885833537276,
      2039.2473818109672
    ],
    [
      1467.8381840966704,
      2003.5649574115962
    ],
    [
      1462.1595445811788,
      1974.6622095934956
    ],
    [
      1477.7503526818573,
      1930.7337938767914
    ],
    [
      1418.562529392685,
      1923.7626572050185
    ],
    [
      1355.9178670002225,
      1930.7466860267061
    ],
    [
      1204.916834500395,
      1897.8900227781658
    ],
    [
      1285.3240534297977,
      2043.811508548394
    ]
  ],
  "notes": {}
}
