{
  "id": "5",
  "contour_type": "uniform_bspline",
  "image_size": [
    3272,
    1325
  ],
  "pixel_scale_cm": 0.00855,
  "fit": {
    "degree": 3,
    "n_control_points": 36,
    "eval_n": 2000,
    "iou": 0.9887721227242933
  },
  "control_points": [
    [
      1515.9845235420141,
      447.00600929755205
    ],
    [
      1554.8756877964977,
      457.6816814417275
    ],
    [
      1595.106527251754,
      471.7888188542779
    ],
    [
      1635.628967679655,
      481.86890793822886
    ],
    [
      1676.5816329186418,
      492.79961280948464
    ],
    [
      1717.8877287142627,
      502.07827683612504
    ],
    [
      1759.4976369448887,
      511.0438091492847
    ],
    [
      1801.5001461722472,
      519.2140676245431
    ],
    [
      1844.1324527783431,
      525.5395786038466
    ],
    [
      1886.9805613263734,
      532.4948248689946
    ],
    [
      1930.2612809981606,
      536.3482460094754
    ],
    [
      1974.507709481793,
      542.25899093411
    ],
    [
      2018.6040068823136,
      540.2971228570118
    ],
    [
      2067.599316415636,
      546.7538044881769
    ],
    [
      2046.9453258891294,
      597.6753792611182
    ],
    [
      2065.897619418306,
      649.3621784856509
    ],
    [
      2018.171891886796,
      656.8427613290542
    ],
    [
      1974.2428045122297,
      651.4175084298813
    ],
    [
      1929.9822709281939,
      654.3679871479326
    ],
    [
      1885.8642205865654,
      653.2194457262519
    ],
    [
      1841.4567130208993,
      653.4061473151971
    ],
    [
      1797.0117011188354,
      652.7705761447617
    ],
    [
      1753.3281062909805,
      654.1202327759386
    ],
    [
      1709.5447434883513,
      652.3622059627687
    ],
    [
      1665.2473254295714,
      653.3220146266137
    ],
    [
      1620.6662713545688,
      652.4641707720414
    ],
    [
      1576.8698536124652,
      652.4374796412662
    ],
    [
      1531.7295722542206,
      653.032985424561
    ],
    [
      1489.488716107224,
      651.319563403676
    ],
    [
      1438.4241639711768,
      656.4759161429524
    ],
    [
      1447.2139837734464,
      600.4790623016254
    ],
    [
      1444.6545135688878,
      561.5070640883705
    ],
    [
      1443.415577463022,
      514.449091703154
    ],
    [
      1448.527670791656,
      474.2740446762534
    ],
    [
      1436.8955223726018,
      422.8386276675394
    ],
    [
      1476.4753325852535,
      426.18217235759266
    ]
  ],
  "notes": {
    "obb_axis_start": [
      1883.0,
      609.0
    ],
    "obb_axis_end": [
      1763.0,
      3643.0
    ],
    "obb_margin_cm": 1.0,
    "obb_source": "base-axis-obb",
    "coordinate_system": {
      "origin": "bottom_left",
      "axes": {
        "row": "left",
        "col": "up"
      },
      "point_order": [
        "row",
        "col"
      ],
      "equivalent_ops": [
        "swap_xy",
        "horizontal_flip"
      ]
    }
  }
}
