{
  "id": "6",
  "contour_type": "adaptive_bspline",
  "image_size": [
    3072,
    4096
  ],
  "pixel_scale_cm": 0.00855,
  "fit": {
    "degree": 3,
    "n_control_points": 33,
    "eval_n": 2000,
    "iou": 0.96252392497129,
    "optimization_metric": "boundary_mean",
    "metric_value": 2.549187166578636,
    "hausdorff_px": 14.845431296601518,
    "knot_params": [
      0.0,
      0.1,
      0.2,
      0.30000000000000004,
      0.355,
      0.4,
      0.405,
      0.41000000000000003,
      0.41694444444444445,
      0.4223792270531401,
      0.4278140096618358,
      0.4332487922705315,
      0.43868357487922716,
      0.44411835748792283,
      0.49,
      0.495,
      0.5023529411764706,
      0.5073529411764706,
      0.5123529411764706,
      0.5173529411764706,
      0.5223529411764706,
      0.5273529411764706,
      0.5323529411764706,
      0.5391176470588234,
      0.6000000000000001,
      0.7000000000000001,
      0.8,
      0.9,
      0.905,
      0.91,
      0.915,
      0.92,
      0.995
    ]
  },
  "control_points": [
    [
      1522.0046198811922,
      1996.2985139410116
    ],
    [
      1526.9919876232445,
      1996.6439958054355
    ],
    [
      1523.7373397747758,
      2012.2932793628252
    ],
    [
      1525.7382678793037,
      2017.030825103591
    ],
    [
      1524.5827697818165,
      2026.7970534143547
    ],
    [
      1523.9472736766384,
      2038.9958392576775
    ],
    [
      1523.3117261152734,
      2057.306680374367
    ],
    [
      1522.4021216557844,
      2080.1384941937963
    ],
    [
      1522.0292655640742,
      2103.6387687731094
    ],
    [
      1520.613264794086,
      2121.635789910726
    ],
    [
      1521.2781239130063,
      2135.3689570708725
    ],
    [
      1520.3210991851888,
      2143.182699587329
    ],
    [
      1520.0157441691522,
      2150.4166523702984
    ],
    [
      1519.7488191796213,
      2158.8968450191282
    ],
    [
      1520.6461213778298,
      2164.627384157074
    ],
    [
      1517.208006947521,
      2182.5894856427335
    ],
    [
      1521.3159356356596,
      2210.400767005611
    ],
    [
      1509.1932556074762,
      2281.4899909896726
    ],
    [
      1523.626096007787,
      2364.559213018891
    ],
    [
      1487.8501813791918,
      2507.7198956551156
    ],
    [
      1547.9570606677075,
      2559.4900679930815
    ],
    [
      1659.2129804961976,
      2536.8283031280316
    ],
    [
      1624.4426753133505,
      2486.0812275141598
    ],
    [
      1639.9742179135121,
      2459.6557092426256
    ],
    [
      1633.2937255863983,
      2434.1838457623267
    ],
    [
      1638.7706443595432,
      2390.054040143752
    ],
    [
      1636.9906780192036,
      2320.206244355514
    ],
    [
      1645.863317386701,
      2227.623744832037
    ],
    [
      1640.4850802016247,
      2125.721814348017
    ],
    [
      1659.0519277302153,
      1987.681374953379
    ],
    [
      1637.038360363196,
      1914.1533385995251
    ],
    [
      1511.1605543003666,
      1935.011755378228
    ],
    [
      1533.9372529974385,
      1951.001219888777
    ]
  ],
  "notes": {}
}
