{
  "id": "6",
  "contour_type": "uniform_bspline",
  "image_size": [
    3272,
    1325
  ],
  "pixel_scale_cm": 0.00855,
  "fit": {
    "degree": 3,
    "n_control_points": 36,
    "eval_n": 2000,
    "iou": 0.9866103162601941
  },
  "control_points": [
    [
      1524.735255365896,
      710.2956397064258
    ],
    [
      1566.9458924386677,
      713.4046619304943
    ],
    [
      1607.2306155989743,
      711.9628852047597
    ],
    [
      1648.885633561401,
      713.0345027811939
    ],
    [
      1689.3481617288571,
      713.1944342487743
    ],
    [
      1731.2439579343318,
      712.7040770813155
    ],
    [
      1769.8711095448903,
      713.0084039672138
    ],
    [
      1811.1053222961045,
      713.6119482768286
    ],
    [
      1852.1679031907065,
      713.7746305994006
    ],
    [
      1893.2340707400622,
      713.8886573255336
    ],
    [
      1934.041494588786,
      714.0018966620407
    ],
    [
      1975.6553606627567,
      714.4670349248881
    ],
    [
      2015.3269961191431,
      714.5470010896775
    ],
    [
      2061.634463989238,
      712.4628812353712
    ],
    [
      2050.511151853893,
      765.6583919406944
    ],
    [
      2055.5089706987937,
      800.0926137628383
    ],
    [
      2054.644020078241,
      848.8918179025052
    ],
    [
      2003.1689308636928,
      836.5297596901473
    ],
    [
      1966.817847750287,
      841.8184745740552
    ],
    [
      1923.162750605983,
      838.5680338998384
    ],
    [
      1883.4323830429685,
      839.1003468062247
    ],
    [
      1841.434494072345,
      839.10438991213
    ],
    [
      1801.4399960851279,
      837.6695867963451
    ],
    [
      1757.9540822335462,
      839.1260695038252
    ],
    [
      1727.1085848522625,
      838.2444035483572
    ],
    [
      1684.2028220279276,
      837.3998484777737
    ],
    [
      1644.2310897176312,
      837.1469412099234
    ],
    [
      1602.8686756913812,
      837.2108749649699
    ],
    [
      1561.7583882331203,
      837.1119199351208
    ],
    [
      1520.9024330147474,
      835.6760444278564
    ],
    [
      1479.4400875670174,
      837.3375028709775
    ],
    [
      1437.120205742943,
      836.3299973150788
    ],
    [
      1446.1253195481268,
      784.2875459801589
    ],
    [
      1445.7069213712973,
      747.6354493929098
    ],
    [
      1437.8029346090802,
      702.9940546214477
    ],
    [
      1486.1328955109964,
      715.8597580575706
    ]
  ],
  "notes": {
    "obb_axis_start": [
      1883.0,
      609.0
    ],
    "obb_axis_end": [
      1763.0,
      3643.0
    ],
    "obb_margin_cm": 1.0,
    "obb_source": "base-axis-obb",
    "coordinate_system": {
      "origin": "bottom_left",
      "axes": {
        "row": "left",
        "col": "up"
      },
      "point_order": [
        "row",
        "col"
      ],
      "equivalent_ops": [
        "swap_xy",
        "horizontal_flip"
      ]
    }
  }
}
