{
  "id": "7",
  "contour_type": "adaptive_bspline",
  "image_size": [
    3072,
    4096
  ],
  "pixel_scale_cm": 0.00855,
  "fit": {
    "degree": 3,
    "n_control_points": 29,
    "eval_n": 2000,
    "iou": 0.9580958939485237,
    "optimization_metric": "boundary_mean",
    "metric_value": 2.6427563198117108,
    "hausdorff_px": 17.112667188228595,
    "knot_params": [
      0.0,
      0.1,
      0.2,
      0.30000000000000004,
      0.4,
      0.5,
      0.6000000000000001,
      0.7000000000000001,
      0.8,
      0.84,
      0.845,
      0.85,
      0.8569444444444444,
      0.8623792270531401,
      0.8673792270531401,
      0.8723792270531401,
      0.8773792270531401,
      0.8823792270531401,
      0.8873792270531401,
      0.8923792270531401,
      0.8973792270531401,
      0.9023792270531401,
      0.9073792270531401,
      0.9123792270531401,
      0.9173792270531401,
      0.9223792270531401,
      0.9273792270531401,
      0.935,
      0.995
    ]
  },
  "control_points": [
    [
      1691.6930782820457,
      2356.5869200584525
    ],
    [
      1701.210553154385,
      2447.0051036982704
    ],
    [
      1690.5384610335072,
      2515.0391294100864
    ],
    [
      1697.1400702130936,
      2556.0305552489485
    ],
    [
      1729.4613000826942,
      2544.686883662314
    ],
    [
      1733.562135107614,
      2550.6684690497973
    ],
    [
      1742.44280277681,
      2548.218649164513
    ],
    [
      1747.3094232419262,
      2548.988783815585
    ],
    [
      1753.0591640249625,
      2550.165992838815
    ],
    [
      1758.6104766425406,
      2549.953292614282
    ],
    [
      1764.1840127349728,
      2550.1059416433473
    ],
    [
      1769.945824641751,
      2549.624758558906
    ],
    [
      1774.826640546848,
      2551.310735408299
    ],
    [
      1780.5431986663255,
      2551.0314056437624
    ],
    [
      1786.224337452099,
      2550.6165702512253
    ],
    [
      1791.282178972523,
      2552.392262666295
    ],
    [
      1796.516009547296,
      2551.765459630284
    ],
    [
      1803.382909937506,
      2552.420707326826
    ],
    [
      1806.4169635110118,
      2551.031160038487
    ],
    [
      1822.8312039076714,
      2556.2303114944684
    ],
    [
      1829.3657553606072,
      2546.439978222815
    ],
    [
      1830.4879308430786,
      2511.0919075510637
    ],
    [
      1825.2381381248647,
      2469.422181414451
    ],
    [
      1838.3277737654055,
      2392.295069838556
    ],
    [
      1829.010990001504,
      2319.9962935384574
    ],
    [
      1867.8456296160318,
      2195.771901691214
    ],
    [
      1837.87221069297,
      2138.002287504631
    ],
    [
      1677.4763816330565,
      2134.7690114340635
    ],
    [
      1714.4676556652473,
      2252.8811460709676
    ]
  ],
  "notes": {}
}
