{
  "id": "7",
  "contour_type": "uniform_bspline",
  "image_size": [
    3272,
    1325
  ],
  "pixel_scale_cm": 0.00855,
  "fit": {
    "degree": 3,
    "n_control_points": 35,
    "eval_n": 2000,
    "iou": 0.9886684063961328
  },
  "control_points": [
    [
      1712.164974285281,
      898.4819782765614
    ],
    [
      1743.4228016701563,
      897.012419264465
    ],
    [
      1774.269210849487,
      899.4294410599064
    ],
    [
      1805.85227849065,
      898.4915613100693
    ],
    [
      1837.4633343400437,
      899.7233845575397
    ],
    [
      1868.9874191624617,
      899.8215923907871
    ],
    [
      1900.4983957316813,
      900.101342824968
    ],
    [
      1931.9738861207156,
      900.6405788768739
    ],
    [
      1963.5343267643002,
      900.3511228043285
    ],
    [
      1994.9651982927444,
      901.8127190271443
    ],
    [
      2026.5003918352263,
      900.2803296217744
    ],
    [
      2059.8276083509527,
      902.7348368522444
    ],
    [
      2051.0428284140958,
      941.7543434088734
    ],
    [
      2056.178367607882,
      970.961404451851
    ],
    [
      2052.215350649819,
      1000.5298852857102
    ],
    [
      2060.317589776691,
      1039.2933036811235
    ],
    [
      2022.602349086741,
      1036.193984904201
    ],
    [
      1992.7840875268412,
      1034.7508675852082
    ],
    [
      1959.9624791176511,
      1033.7563689265728
    ],
    [
      1929.5417619500895,
      1034.8494014716305
    ],
    [
      1897.7550987877303,
      1034.6936919790674
    ],
    [
      1867.0803040606233,
      1036.0240884969523
    ],
    [
      1835.7993604797844,
      1036.9373096774123
    ],
    [
      1805.3409812289774,
      1038.6617478543103
    ],
    [
      1774.135114283013,
      1040.5464101498028
    ],
    [
      1744.7080940774076,
      1043.4053265352911
    ],
    [
      1712.7602573399413,
      1046.5990142241958
    ],
    [
      1685.9594251828462,
      1049.5086654518943
    ],
    [
      1648.1182546626014,
      1056.8256214556986
    ],
    [
      1652.3130776665403,
      1018.2941340604898
    ],
    [
      1651.760347717252,
      989.8207018019252
    ],
    [
      1650.5503615381413,
      956.7287265917037
    ],
    [
      1653.8998036936846,
      927.1491887868583
    ],
    [
      1645.6470013232902,
      893.7588881239492
    ],
    [
      1681.604216059714,
      899.4365034152981
    ]
  ],
  "notes": {
    "obb_axis_start": [
      1883.0,
      609.0
    ],
    "obb_axis_end": [
      1763.0,
      3643.0
    ],
    "obb_margin_cm": 1.0,
    "obb_source": "base-axis-obb",
    "coordinate_system": {
      "origin": "bottom_left",
      "axes": {
        "row": "left",
        "col": "up"
      },
      "point_order": [
        "row",
        "col"
      ],
      "equivalent_ops": [
        "swap_xy",
        "horizontal_flip"
      ]
    }
  }
}
