{
  "id": "8",
  "contour_type": "uniform_bspline",
  "image_size": [
    3272,
    1325
  ],
  "pixel_scale_cm": 0.00855,
  "fit": {
    "degree": 3,
    "n_control_points": 39,
    "eval_n": 2000,
    "iou": 0.9930909939432061
  },
  "control_points": [
    [
      2609.8508924766675,
      539.9991008650175
    ],
    [
      2646.346335182158,
      541.4505460290752
    ],
    [
      2679.8393534166494,
      543.7400631175649
    ],
    [
      2714.6437435096036,
      541.4647143214429
    ],
    [
      2750.400299860621,
      543.7572716982268
    ],
    [
      2786.0572230174453,
      544.6877145897306
    ],
    [
      2821.0911985150224,
      547.6643376724169
    ],
    [
      2856.285019669098,
      549.8705558615077
    ],
    [
      2890.078773265647,
      555.4742659809704
    ],
    [
      2921.1198569828084,
      566.5917849587686
    ],
    [
      2950.610076836724,
      581.803533605934
    ],
    [
      2977.5618263167385,
      601.1656275771604
    ],
    [
      3002.755888075962,
      627.2343591917056
    ],
    [
      3023.0671149006134,
      653.8076879937128
    ],
    [
      3039.71187945319,
      685.1927414496879
    ],
    [
      3046.8793753455425,
      712.8613554092551
    ],
    [
      3067.0963996208757,
      750.705836451185
    ],
    [
      3030.4079733489866,
      760.3279835301091
    ],
    [
      2995.1506388665075,
      754.3557361405469
    ],
    [
      2960.008142172852,
      757.1997351521263
    ],
    [
      2924.775839576761,
      755.2114542535846
    ],
    [
      2889.2969120706307,
      755.4632452556325
    ],
    [
      2854.597715023137,
      755.3767484432128
    ],
    [
      2818.622889893329,
      754.851677263021
    ],
    [
      2784.9511710306724,
      755.599863345509
    ],
    [
      2749.4137306108264,
      754.3300191841527
    ],
    [
      2714.6137380537953,
      754.9188700021007
    ],
    [
      2678.7507339869753,
      754.0175240426133
    ],
    [
      2644.471600209641,
      753.8989311044995
    ],
    [
      2607.9207646612886,
      754.8204487594915
    ],
    [
      2575.5209215878463,
      752.2446550070831
    ],
    [
      2532.7423390142762,
      757.9747163419274
    ],
    [
      2539.160440638194,
      714.5545444176473
    ],
    [
      2537.115492382157,
      682.5901616905442
    ],
    [
      2540.472131023383,
      645.1973073423835
    ],
    [
      2538.2668801609634,
      611.0696053704107
    ],
    [
      2543.5955829237887,
      574.8314084886397
    ],
    [
      2536.3907035291427,
      537.6673215168291
    ],
    [
      2577.1253812724754,
      543.6032408685289
    ]
  ],
  "notes": {
    "obb_axis_start": [
      1883.0,
      609.0
    ],
    "obb_axis_end": [
      1763.0,
      3643.0
    ],
    "obb_margin_cm": 1.0,
    "obb_source": "base-axis-obb",
    "coordinate_system": {
      "origin": "bottom_left",
      "axes": {
        "row": "left",
        "col": "up"
      },
      "point_order": [
        "row",
        "col"
      ],
      "equivalent_ops": [
        "swap_xy",
        "horizontal_flip"
      ]
    }
  }
}
