{
  "id": "8",
  "contour_type": "adaptive_bspline",
  "image_size": [
    3072,
    4096
  ],
  "pixel_scale_cm": 0.00855,
  "fit": {
    "degree": 3,
    "n_control_points": 28,
    "eval_n": 2000,
    "iou": 0.9709562288212059,
    "optimization_metric": "boundary_mean",
    "metric_value": 2.7010679729131377,
    "hausdorff_px": 17.91078330316939,
    "knot_params": [
      0.0,
      0.005,
      0.1,
      0.2,
      0.30000000000000004,
      0.4,
      0.5,
      0.6000000000000001,
      0.7000000000000001,
      0.8,
      0.835,
      0.84,
      0.8469444444444444,
      0.8523792270531401,
      0.8573792270531401,
      0.8623792270531401,
      0.8673792270531401,
      0.8723792270531401,
      0.8773792270531401,
      0.8823792270531401,
      0.8873792270531401,
      0.8923792270531401,
      0.8973792270531401,
      0.9023792270531401,
      0.9073792270531401,
      0.9123792270531401,
      0.9173792270531401,
      0.995
    ]
  },
  "control_points": [
    [
      1299.9057190925237,
      3292.0470597964777
    ],
    [
      1321.2941055781387,
      3420.843750325246
    ],
    [
      1394.7598652888355,
      3502.8145630805834
    ],
    [
      1467.7967760760591,
      3537.474395009464
    ],
    [
      1513.0657213213817,
      3548.6501703948984
    ],
    [
      1510.2953019751901,
      3507.505818882591
    ],
    [
      1509.3981112614601,
      3502.558466240144
    ],
    [
      1511.3757363097727,
      3492.1771981296715
    ],
    [
      1510.874389853663,
      3486.474313491964
    ],
    [
      1511.136340899178,
      3478.84472987994
    ],
    [
      1510.6066770014243,
      3471.939902998653
    ],
    [
      1512.343532520225,
      3465.612444881203
    ],
    [
      1511.9273785618313,
      3458.5070347650185
    ],
    [
      1511.974561948134,
      3451.585680531203
    ],
    [
      1512.1505889683647,
      3444.6312159945887
    ],
    [
      1511.4895211272924,
      3437.613630249655
    ],
    [
      1513.6573365606237,
      3431.000636707183
    ],
    [
      1512.3091208550434,
      3424.6750716049623
    ],
    [
      1514.2867525175348,
      3407.552664511308
    ],
    [
      1511.884908166745,
      3387.6359887490166
    ],
    [
      1517.6115148547415,
      3350.6429909745457
    ],
    [
      1512.0057481991055,
      3316.8936585957376
    ],
    [
      1526.415047190048,
      3248.157212004262
    ],
    [
      1507.9892217533834,
      3194.6760348666016
    ],
    [
      1550.2926551051196,
      3045.2509034680493
    ],
    [
      1469.628466902151,
      3017.27234176938
    ],
    [
      1285.885250125532,
      3005.2043216063053
    ],
    [
      1320.6522747763076,
      3157.857369402225
    ]
  ],
  "notes": {}
}
