{
  "id": "9",
  "contour_type": "uniform_bspline",
  "image_size": [
    3272,
    1325
  ],
  "pixel_scale_cm": 0.00855,
  "fit": {
    "degree": 3,
    "n_control_points": 39,
    "eval_n": 2000,
    "iou": 0.9921672634957328
  },
  "control_points": [
    [
      2604.66006657541,
      832.058646779642
    ],
    [
      2640.523389062819,
      834.0743424408113
    ],
    [
      2674.861823407051,
      833.2200843155649
    ],
    [
      2709.899704265162,
      833.6688337148753
    ],
    [
      2744.778417936583,
      833.9144473126482
    ],
    [
      2779.7251402681813,
      834.3812991084428
    ],
    [
      2814.5314444216087,
      834.151245628341
    ],
    [
      2849.334215931193,
      834.6342113194569
    ],
    [
      2884.481592737936,
      834.6313136533565
    ],
    [
      2918.8723011514353,
      835.2667978080424
    ],
    [
      2954.6085982097525,
      834.5135578850616
    ],
    [
      2987.989947233585,
      836.7262077634275
    ],
    [
      3025.5612624749438,
      833.4053021258314
    ],
    [
      3057.5299945691972,
      840.4338138305563
    ],
    [
      3038.037450437832,
      882.5666713037081
    ],
    [
      3029.9951081248296,
      907.5568492353066
    ],
    [
      3010.6809810867635,
      938.462352777945
    ],
    [
      2992.0617078749547,
      963.630443806753
    ],
    [
      2966.068442825799,
      989.2685211526759
    ],
    [
      2938.825049664233,
      1008.4286874251957
    ],
    [
      2909.2649764337157,
      1023.424722345258
    ],
    [
      2878.80952077196,
      1034.8070391308488
    ],
    [
      2845.5893816401826,
      1039.3211492828937
    ],
    [
      2811.6383447708013,
      1041.5301647000463
    ],
    [
      2777.6097831405295,
      1043.670328993575
    ],
    [
      2743.130585752913,
      1044.570520678803
    ],
    [
      2708.761958889933,
      1045.6710167961535
    ],
    [
      2673.88719293726,
      1045.657137349151
    ],
    [
      2639.431099637263,
      1046.243163028887
    ],
    [
      2604.272476884304,
      1046.0654367814261
    ],
    [
      2569.900677097513,
      1044.8862990336452
    ],
    [
      2530.5577629731947,
      1044.84819739187
    ],
    [
      2538.961878920807,
      1000.9506913232658
    ],
    [
      2534.6250045255792,
      970.3819803095164
    ],
    [
      2536.876021879725,
      933.5737562199574
    ],
    [
      2534.9267147847017,
      899.7395209134661
    ],
    [
      2537.7783800718976,
      864.7275614702744
    ],
    [
      2531.0588901801334,
      827.5588056508554
    ],
    [
      2571.7297250364195,
      835.0028697287064
    ]
  ],
  "notes": {
    "obb_axis_start": [
      1883.0,
      609.0
    ],
    "obb_axis_end": [
      1763.0,
      3643.0
    ],
    "obb_margin_cm": 1.0,
    "obb_source": "base-axis-obb",
    "coordinate_system": {
      "origin": "bottom_left",
      "axes": {
        "row": "left",
        "col": "up"
      },
      "point_order": [
        "row",
        "col"
      ],
      "equivalent_ops": [
        "swap_xy",
        "horizontal_flip"
      ]
    }
  }
}
