{
  "id": "9",
  "contour_type": "adaptive_bspline",
  "image_size": [
    3072,
    4096
  ],
  "pixel_scale_cm": 0.00855,
  "fit": {
    "degree": 3,
    "n_control_points": 29,
    "eval_n": 2000,
    "iou": 0.9795108037674676,
    "optimization_metric": "boundary_mean",
    "metric_value": 2.0163360907967047,
    "hausdorff_px": 12.737694093752292,
    "knot_params": [
      0.0,
      0.005,
      0.1,
      0.2,
      0.30000000000000004,
      0.38,
      0.4,
      0.5,
      0.6000000000000001,
      0.7000000000000001,
      0.8,
      0.835,
      0.84,
      0.8473529411764705,
      0.8523529411764705,
      0.8573529411764705,
      0.8623529411764705,
      0.8673529411764705,
      0.8723529411764706,
      0.8773529411764706,
      0.8823529411764706,
      0.8873529411764706,
      0.8923529411764706,
      0.8973529411764706,
      0.9023529411764706,
      0.9073529411764706,
      0.9123529411764706,
      0.9173529411764706,
      0.995
    ]
  },
  "control_points": [
    [
      1594.1156793473197,
      3231.104143243334
    ],
    [
      1600.5553585354032,
      3345.0186808106673
    ],
    [
      1580.8301427332115,
      3472.6803037571976
    ],
    [
      1602.8951481659526,
      3569.353705525492
    ],
    [
      1711.3946253929714,
      3487.3545289332164
    ],
    [
      1726.0880757196146,
      3482.358746922149
    ],
    [
      1756.2076808196389,
      3447.909229738605
    ],
    [
      1754.3676645981486,
      3447.861163400211
    ],
    [
      1763.3901988079028,
      3437.575115143075
    ],
    [
      1764.9034434575829,
      3434.231834921665
    ],
    [
      1769.1461670633523,
      3427.808961140505
    ],
    [
      1772.560496340031,
      3422.8023378884577
    ],
    [
      1775.194857901734,
      3416.8408736359734
    ],
    [
      1777.9230535318293,
      3411.1265009873996
    ],
    [
      1780.8351321645366,
      3405.4381683424817
    ],
    [
      1784.1840881427966,
      3399.893138288288
    ],
    [
      1785.9813393492166,
      3393.8711705998385
    ],
    [
      1789.2019320253464,
      3387.980610274384
    ],
    [
      1790.8448782601781,
      3382.4789689552026
    ],
    [
      1795.2876679301023,
      3367.5478899953373
    ],
    [
      1798.5764256412374,
      3348.237982026116
    ],
    [
      1803.5847330056959,
      3314.103024758585
    ],
    [
      1804.8309513382433,
      3279.131527066126
    ],
    [
      1813.9042116286157,
      3215.7349494651244
    ],
    [
      1807.945924625134,
      3155.687829547046
    ],
    [
      1837.526185709118,
      3017.100847023244
    ],
    [
      1712.705541842128,
      3040.096638836006
    ],
    [
      1591.193223456041,
      3009.0793326355342
    ],
    [
      1607.748506276127,
      3132.146444681797
    ]
  ],
  "notes": {}
}
