{
  "id": "base",
  "contour_type": "adaptive_bspline",
  "image_size": [
    3072,
    4096
  ],
  "pixel_scale_cm": 0.00855,
  "fit": {
    "degree": 3,
    "n_control_points": 27,
    "eval_n": 2000,
    "iou": 0.9807809206510401,
    "optimization_metric": "boundary_mean",
    "metric_value": 9.300761236973685,
    "hausdorff_px": 39.6272119065004,
    "knot_params": [
      0.0,
      0.1,
      0.2,
      0.30000000000000004,
      0.4,
      0.45,
      0.47000000000000003,
      0.47500000000000003,
      0.48,
      0.4869444444444444,
      0.4923792270531401,
      0.4973792270531401,
      0.5023792270531401,
      0.5073792270531401,
      0.5123792270531401,
      0.5173792270531401,
      0.5223792270531401,
      0.5273792270531401,
      0.5323792270531401,
      0.5373792270531401,
      0.5423792270531401,
      0.5473792270531401,
      0.5523792270531401,
      0.6000000000000001,
      0.7000000000000001,
      0.8,
      0.9
    ]
  },
  "control_points": [
    [
      1010.2709862659476,
      811.1197056779407
    ],
    [
      985.2108379475848,
      898.8504882371233
    ],
    [
      981.3236397717503,
      938.8107163708116
    ],
    [
      974.9973354087115,
      982.5743697425302
    ],
    [
      971.4372098315033,
      1018.6388932298951
    ],
    [
      967.6728734889267,
      1056.9574421003874
    ],
    [
      966.2506522226054,
      1093.1333180848458
    ],
    [
      963.6902629790733,
      1129.2251745840842
    ],
    [
      963.1857187618722,
      1165.880227783269
    ],
    [
      961.7257398700004,
      1202.3928185086797
    ],
    [
      961.9577508501388,
      1239.104439302812
    ],
    [
      962.5369912418959,
      1277.0813581558161
    ],
    [
      965.0537880084069,
      1309.5384182830635
    ],
    [
      961.1543725846053,
      1355.7650459856102
    ],
    [
      976.4143648104666,
      1397.8358862106768
    ],
    [
      979.7137441252796,
      1571.6427045651271
    ],
    [
      1082.3668798159915,
      1775.0224570835799
    ],
    [
      1243.8053837328125,
      2247.448664473153
    ],
    [
      1253.8639588474005,
      2739.915710241902
    ],
    [
      1108.7601650092606,
      3673.8312355777875
    ],
    [
      2033.8990875835013,
      3613.3179509785846
    ],
    [
      1864.61278625737,
      2685.5444900114717
    ],
    [
      2022.31341150524,
      2071.384880459547
    ],
    [
      2042.3468372819937,
      1337.664476906737
    ],
    [
      1752.8393744297357,
      830.2438431388872
    ],
    [
      1382.3487252116408,
      504.0550021908851
    ],
    [
      1084.3438696392332,
      678.2097628819884
    ]
  ],
  "notes": {}
}
