{
  "id": "base",
  "contour_type": "uniform_bspline",
  "image_size": [
    3272,
    1325
  ],
  "pixel_scale_cm": 0.00855,
  "fit": {
    "degree": 3,
    "n_control_points": 116,
    "eval_n": 2000,
    "iou": 0.9984060864422482
  },
  "control_points": [
    [
      143.3860383668516,
      345.3356853190787
    ],
    [
      170.34985488349946,
      293.56957088952913
    ],
    [
      204.34538685109442,
      242.7353013415527
    ],
    [
      248.74411895286846,
      206.87408848369387
    ],
    [
      302.57926071541897,
      175.82410047356325
    ],
    [
      354.8565247861686,
      151.22307829677447
    ],
    [
      411.79346495756647,
      132.58850820775
    ],
    [
      470.41761368993286,
      126.41916511411773
    ],
    [
      531.9914738888812,
      121.07778893551631
    ],
    [
      593.0917518508085,
      117.54597296265274
    ],
    [
      655.7846758344401,
      117.03409310618372
    ],
    [
      718.5004555865485,
      116.80949954411881
    ],
    [
      782.1001197995727,
      119.38288546356489
    ],
    [
      845.2787814548337,
      123.20350601137261
    ],
    [
      907.8005730630407,
      128.12873378145514
    ],
    [
      968.2844613405566,
      137.6581718424527
    ],
    [
      1027.1542498406582,
      150.58434256814144
    ],
    [
      1085.2922189430913,
      165.15150007437683
    ],
    [
      1142.7970195091982,
      181.06214958048213
    ],
    [
      1199.3846326330174,
      198.97623691282251
    ],
    [
      1255.0976528460271,
      218.77857415434414
    ],
    [
      1309.0483986928527,
      242.4038616226228
    ],
    [
      1362.6866904204442,
      266.70701683699576
    ],
    [
      1413.0622630681403,
      298.07845997874233
    ],
    [
      1466.5946963313183,
      322.6164783721008
    ],
    [
      1520.7909881282508,
      345.6964618062225
    ],
    [
      1576.7503565686854,
      364.99062354361695
    ],
    [
      1632.9601999541865,
      383.67467909259267
    ],
    [
      1690.5481508631578,
      399.497353376257
    ],
    [
      1749.213304856181,
      412.7486246394351
    ],
    [
      1808.5440910111565,
      424.99909015045705
    ],
    [
      1869.1080882661217,
      433.7366415417482
    ],
    [
      1931.248647950708,
      440.7614799445232
    ],
    [
      1994.3833541494569,
      441.45629609115144
    ],
    [
      2056.646306445418,
      443.0894947151187
    ],
    [
      2120.865720545158,
      445.4328641254549
    ],
    [
      2183.8647867936406,
      446.9521458237607
    ],
    [
      2246.513512638543,
      446.1901972366222
    ],
    [
      2309.266697328095,
      446.41476804325475
    ],
    [
      2371.982289099608,
      446.18362782635154
    ],
    [
      2434.4417268426837,
      445.4070794221482
    ],
    [
      2496.3330639468604,
      443.0824193864962
    ],
    [
      2558.593270399146,
      441.6241787334036
    ],
    [
      2622.134379953792,
      443.97767301191993
    ],
    [
      2685.584090065762,
      445.3662559871998
    ],
    [
      2749.2513656745928,
      448.9579872899003
    ],
    [
      2811.2796402350145,
      454.4166917705338
    ],
    [
      2874.1757860620405,
      459.1873512211798
    ],
    [
      2930.8286179155166,
      476.3266323369114
    ],
    [
      2984.2472774335697,
      502.0889697433372
    ],
    [
      3032.191106566198,
      536.8767187546407
    ],
    [
      3077.382792007125,
      583.8545581876374
    ],
    [
      3109.8826310531017,
      633.6529397153477
    ],
    [
      3135.9804091047195,
      688.4740132058555
    ],
    [
      3148.8505455772593,
      743.448623761667
    ],
    [
      3157.113274522336,
      808.3310703613033
    ],
    [
      3138.9512229043444,
      859.2730471180207
    ],
    [
      3107.282431844371,
      908.7412717178197
    ],
    [
      3103.239009287497,
      965.7123209663976
    ],
    [
      3062.586557800994,
      1013.4547719132113
    ],
    [
      3022.3593753128825,
      1059.2801571430177
    ],
    [
      2971.107678827688,
      1096.6028873314847
    ],
    [
      2918.0132902865316,
      1119.7322499677014
    ],
    [
      2862.402320640079,
      1140.7531712504801
    ],
    [
      2802.7004484328463,
      1148.180728904207
    ],
    [
      2740.2641827824646,
      1149.5217361360628
    ],
    [
      2679.480404662852,
      1154.6243636569054
    ],
    [
      2616.8836542019344,
      1155.2082392488132
    ],
    [
      2553.933735363464,
      1154.5976101461417
    ],
    [
      2491.081940531023,
      1154.4234605545703
    ],
    [
      2427.0017300512454,
      1150.7440016951934
    ],
    [
      2364.1619471668337,
      1150.674263149535
    ],
    [
      2300.9277979249428,
      1149.1167167721267
    ],
    [
      2237.7609442620687,
      1148.5082563542844
    ],
    [
      2173.917889627665,
      1144.5869446863449
    ],
    [
      2109.910962800895,
      1143.5216760170345
    ],
    [
      2047.8339458983519,
      1137.0479351828178
    ],
    [
      1984.6975533158989,
      1139.3049001461438
    ],
    [
      1921.8006127844806,
      1137.342194072376
    ],
    [
      1860.7298804173897,
      1142.7468821490709
    ],
    [
      1799.6018092422023,
      1146.7316448051185
    ],
    [
      1739.2798048879204,
      1153.5719436010377
    ],
    [
      1679.193993991561,
      1160.7113021933128
    ],
    [
      1621.1946467691864,
      1173.6635391296554
    ],
    [
      1561.5844982357432,
      1182.2186883408017
    ],
    [
      1500.8812675885056,
      1187.7217165318784
    ],
    [
      1444.7414100862359,
      1205.8416025957972
    ],
    [
      1380.6768218213153,
      1201.9781993138167
    ],
    [
      1320.185493145049,
      1208.7340170544599
    ],
    [
      1256.3819007786583,
      1204.7562521946766
    ],
    [
      1193.2871362216854,
      1206.0815667952397
    ],
    [
      1130.050726836681,
      1200.0143244951582
    ],
    [
      1068.526357160939,
      1194.1535474447755
    ],
    [
      1008.4263065666335,
      1183.1459567119327
    ],
    [
      948.132798338167,
      1173.6519656229034
    ],
    [
      894.5900783176342,
      1148.9371861926597
    ],
    [
      836.231297007803,
      1134.9774011203976
    ],
    [
      781.0658152898259,
      1113.9270528547615
    ],
    [
      725.4333700161819,
      1093.97979153614
    ],
    [
      671.9914848865578,
      1069.233805887546
    ],
    [
      618.7445644185734,
      1044.0948093044867
    ],
    [
      566.8328013816538,
      1016.0407723766593
    ],
    [
      515.4880915343426,
      986.7781524284674
    ],
    [
      465.29524606047005,
      954.9901057348338
    ],
    [
      416.05872685023644,
      921.1771522927102
    ],
    [
      368.0102953984157,
      884.7015265750865
    ],
    [
      320.9262669174319,
      846.2957159617565
    ],
    [
      275.85136777579794,
      803.2436853604488
    ],
    [
      229.18305826273854,
      764.1368458567649
    ],
    [
      187.7323815510431,
      713.1487869962825
    ],
    [
      157.7312196952979,
      666.1209561948247
    ],
    [
      134.44599271338927,
      603.95414024301
    ],
    [
      120.37112299132593,
      561.1427551601828
    ],
    [
      117.01600247819158,
      471.3064598183994
    ],
    [
      116.38895528244825,
      468.27000819564864
    ],
    [
      125.60953293545333,
      401.8574730435482
    ]
  ],
  "notes": {
    "obb_axis_start": [
      1883.0,
      609.0
    ],
    "obb_axis_end": [
      1763.0,
      3643.0
    ],
    "obb_margin_cm": 1.0,
    "obb_source": "base-axis-obb",
    "coordinate_system": {
      "origin": "bottom_left",
      "axes": {
        "row": "left",
        "col": "up"
      },
      "point_order": [
        "row",
        "col"
      ],