{
  "id": "1",
  "contour_type": "adaptive_bspline",
  "image_size": [
    1318,
    3244
  ],
  "pixel_scale_cm": 0.00855,
  "fit": {
    "degree": 3,
    "n_control_points": 29,
    "eval_n": 2000,
    "iou": 0.9666506053740401,
    "optimization_metric": "boundary_mean",
    "metric_value": 2.738703213872233,
    "hausdorff_px": 20.080031152770417,
    "knot_params": [
      0.0,
      0.1,
      0.2,
      0.30000000000000004,
      0.4,
      0.46,
      0.5,
      0.6000000000000001,
      0.7000000000000001,
      0.8,
      0.85,
      0.855,
      0.86,
      0.8673529411764705,
      0.8723529411764706,
      0.8773529411764706,
      0.8823529411764706,
      0.8873529411764706,
      0.8923529411764706,
      0.8973529411764706,
      0.9023529411764706,
      0.9073529411764706,
      0.9123529411764706,
      0.9173529411764706,
      0.9223529411764706,
      0.9273529411764706,
      0.9323529411764706,
      0.9450000000000001,
      0.995
    ]
  },
  "control_points": [
    [
      228.48541561192837,
      999.5092567617401
    ],
    [
      266.7897404362029,
      1119.4271261332228
    ],
    [
      298.9884912867624,
      1228.363446526979
    ],
    [
      339.33086853626423,
      1314.3375938111355
    ],
    [
      366.1035272202698,
      1365.1091017344531
    ],
    [
      383.1197848720601,
      1392.620013092708
    ],
    [
      395.89283108528366,
      1395.696258223515
    ],
    [
      405.63182029500354,
      1392.6376121791684
    ],
    [
      414.5800618601563,
      1395.2911566789876
    ],
    [
      419.75893601801977,
      1388.9515522407655
    ],
    [
      421.32194077426016,
      1381.8642816305326
    ],
    [
      420.70418481257184,
      1373.7910128539197
    ],
    [
      419.98669381349305,
      1365.7631632190978
    ],
    [
      421.3976348655867,
      1358.4765292812058
    ],
    [
      420.7056612101219,
      1350.4697660023187
    ],
    [
      420.32475318791126,
      1342.4397165500109
    ],
    [
      420.6286618188626,
      1335.0434644471245
    ],
    [
      421.31453268317546,
      1326.814047068181
    ],
    [
      419.62607353650833,
      1318.8812329167354
    ],
    [
      421.8087024254439,
      1301.077831319522
    ],
    [
      418.5616956748295,
      1282.4905878263066
    ],
    [
      423.21832438623073,
      1235.7207459789136
    ],
    [
      414.61094766831366,
      1181.520000467798
    ],
    [
      427.9475294742208,
      1070.1897345978296
    ],
    [
      403.8438962343341,
      975.2424892616925
    ],
    [
      446.55418748734724,
      783.8931078996591
    ],
    [
      343.7641629235013,
      761.4126749203906
    ],
    [
      182.8117335773154,
      754.5692126962133
    ],
    [
      223.04316381159538,
      885.3913807613358
    ]
  ],
  "notes": {
    "obb_axis_start": [
      1883.0,
      609.0
    ],
    "obb_axis_end": [
      1763.0,
      3643.0
    ],
    "obb_margin_cm": 1.0,
    "obb_source": "base-axis-obb",
    "obb_rotate_cw90": true
  }
}
