{
  "id": "10",
  "contour_type": "adaptive_bspline",
  "image_size": [
    1318,
    3244
  ],
  "pixel_scale_cm": 0.00855,
  "fit": {
    "degree": 3,
    "n_control_points": 34,
    "eval_n": 2000,
    "iou": 0.9829230370562322,
    "optimization_metric": "boundary_mean",
    "metric_value": 1.5790010829958585,
    "hausdorff_px": 9.5062234805579,
    "knot_params": [
      0.0,
      0.1,
      0.2,
      0.30000000000000004,
      0.315,
      0.32,
      0.3254166666666667,
      0.4,
      0.49,
      0.495,
      0.5023529411764706,
      0.5073529411764706,
      0.5123529411764706,
      0.5173529411764706,
      0.5223529411764706,
      0.5273529411764706,
      0.5323529411764706,
      0.5373529411764706,
      0.5423529411764706,
      0.5473529411764706,
      0.5523529411764706,
      0.5573529411764706,
      0.5623529411764706,
      0.6000000000000001,
      0.7000000000000001,
      0.8,
      0.805,
      0.81,
      0.8150000000000001,
      0.8200000000000001,
      0.845,
      0.85,
      0.855,
      0.9
    ]
  },
  "control_points": [
    [
      540.0783583482053,
      2206.3169886382007
    ],
    [
      543.6499818131169,
      2254.9094464823843
    ],
    [
      541.2859983353369,
      2299.111736807347
    ],
    [
      543.0094757974423,
      2327.7354467345067
    ],
    [
      541.6266489047214,
      2342.1380746625405
    ],
    [
      542.5290025201109,
      2348.30758316577
    ],
    [
      542.3063399140271,
      2354.270155340142
    ],
    [
      543.2043260576932,
      2360.2050913721823
    ],
    [
      541.6015256434057,
      2365.3407658917404
    ],
    [
      542.3212878470638,
      2371.1814082107903
    ],
    [
      542.2398082461509,
      2377.0951600932817
    ],
    [
      543.0960199112626,
      2382.329717360789
    ],
    [
      541.6832368604485,
      2389.453134153646
    ],
    [
      543.915374545812,
      2391.585342969527
    ],
    [
      538.8183581834294,
      2406.9563936605005
    ],
    [
      549.9039044949361,
      2415.6021693415237
    ],
    [
      527.1086226978628,
      2481.48282080056
    ],
    [
      579.045317956819,
      2491.6431353254306
    ],
    [
      651.2829572628323,
      2482.8871567208357
    ],
    [
      701.1428868194755,
      2487.732300231543
    ],
    [
      736.8131676461248,
      2482.318424147186
    ],
    [
      752.7374480407304,
      2483.627649637779
    ],
    [
      755.6036122187627,
      2472.4255781683682
    ],
    [
      753.242654967107,
      2461.6760460133814
    ],
    [
      754.2281302681524,
      2446.065918948311
    ],
    [
      754.0766754353438,
      2420.8588078503312
    ],
    [
      753.6163522433126,
      2373.672134421779
    ],
    [
      754.1540537992814,
      2304.250862062075
    ],
    [
      752.1756057677396,
      2212.4942177018665
    ],
    [
      759.5708984214552,
      2100.7759410220488
    ],
    [
      634.1974110703634,
      2135.6053624934952
    ],
    [
      589.4382169800015,
      2122.601105804745
    ],
    [
      535.1940602822017,
      2126.0730988299774
    ],
    [
      545.9573511494493,
      2161.855512327878
    ]
  ],
  "notes": {
    "obb_axis_start": [
      1883.0,
      609.0
    ],
    "obb_axis_end": [
      1763.0,
      3643.0
    ],
    "obb_margin_cm": 1.0,
    "obb_source": "base-axis-obb",
    "obb_rotate_cw90": true
  }
}
