{
  "id": "11",
  "contour_type": "adaptive_bspline",
  "image_size": [
    1318,
    3244
  ],
  "pixel_scale_cm": 0.00855,
  "fit": {
    "degree": 3,
    "n_control_points": 32,
    "eval_n": 2000,
    "iou": 0.983715939389998,
    "optimization_metric": "boundary_mean",
    "metric_value": 1.4862367140232684,
    "hausdorff_px": 9.403345800232987,
    "knot_params": [
      0.0,
      0.1,
      0.2,
      0.30000000000000004,
      0.315,
      0.32,
      0.3254166666666667,
      0.4,
      0.5,
      0.5073529411764706,
      0.5123529411764706,
      0.5173529411764706,
      0.5223529411764706,
      0.5273529411764706,
      0.5323529411764706,
      0.5373529411764706,
      0.5423529411764706,
      0.5473529411764706,
      0.5523529411764706,
      0.5573529411764706,
      0.5623529411764706,
      0.6000000000000001,
      0.7000000000000001,
      0.8,
      0.805,
      0.81,
      0.8150000000000001,
      0.8200000000000001,
      0.8250000000000001,
      0.86,
      0.865,
      0.9
    ]
  },
  "control_points": [
    [
      830.7676372142673,
      2202.9907715085938
    ],
    [
      832.7012840187194,
      2253.4490041648287
    ],
    [
      830.8262024273874,
      2301.4811388251414
    ],
    [
      833.1429212040941,
      2330.4991373375187
    ],
    [
      832.2331565590541,
      2346.476871723267
    ],
    [
      832.7768947390662,
      2351.97617052178
    ],
    [
      832.7148649438075,
      2357.9365600593824
    ],
    [
      833.6026141389184,
      2363.730726444553
    ],
    [
      831.8265053476423,
      2369.044028741338
    ],
    [
      833.1047840901558,
      2374.442603174553
    ],
    [
      831.5635757762429,
      2381.4475269435547
    ],
    [
      835.5285672800976,
      2384.369148010388
    ],
    [
      828.5747053387013,
      2398.7337536148093
    ],
    [
      840.8249759037792,
      2408.503736965748
    ],
    [
      818.2351862420294,
      2472.2332599024558
    ],
    [
      865.6321254718086,
      2489.375966012675
    ],
    [
      939.2913537544275,
      2478.3468988646932
    ],
    [
      988.0956375540491,
      2486.1913432826286
    ],
    [
      1020.8552446317958,
      2482.1755628257
    ],
    [
      1034.6996648828142,
      2485.0975312843793
    ],
    [
      1043.6517476868423,
      2483.1990443655463
    ],
    [
      1045.9751770662244,
      2471.1878664414558
    ],
    [
      1044.8427917177994,
      2454.6876524820163
    ],
    [
      1044.8754348018506,
      2424.946689649441
    ],
    [
      1044.3281072098584,
      2379.389778604717
    ],
    [
      1044.5435335118896,
      2306.175589327643
    ],
    [
      1040.8099733886165,
      2218.3852239776356
    ],
    [
      1052.0424121958213,
      2102.861936007025
    ],
    [
      929.518832102473,
      2133.3017587163927
    ],
    [
      884.0154644672907,
      2121.712251272173
    ],
    [
      830.2586731398885,
      2122.0778063958255
    ],
    [
      831.8896708506263,
      2153.966173747203
    ]
  ],
  "notes": {
    "obb_axis_start": [
      1883.0,
      609.0
    ],
    "obb_axis_end": [
      1763.0,
      3643.0
    ],
    "obb_margin_cm": 1.0,
    "obb_source": "base-axis-obb",
    "obb_rotate_cw90": true
  }
}
