{
  "id": "12",
  "contour_type": "adaptive_bspline",
  "image_size": [
    1318,
    3244
  ],
  "pixel_scale_cm": 0.00855,
  "fit": {
    "degree": 3,
    "n_control_points": 26,
    "eval_n": 2000,
    "iou": 0.9769271405930982,
    "optimization_metric": "boundary_mean",
    "metric_value": 1.8551860078097375,
    "hausdorff_px": 10.61789453143876,
    "knot_params": [
      0.0,
      0.1,
      0.2,
      0.30000000000000004,
      0.335,
      0.34,
      0.3454347826086957,
      0.3508695652173914,
      0.35785714285714293,
      0.4,
      0.485,
      0.49235294117647055,
      0.4997058823529411,
      0.5070588235294117,
      0.5144117647058822,
      0.6000000000000001,
      0.7000000000000001,
      0.8,
      0.8300000000000001,
      0.8352083333333334,
      0.841578947368421,
      0.8472607655502392,
      0.8522607655502392,
      0.8572607655502392,
      0.8622607655502392,
      0.9
    ]
  },
  "control_points": [
    [
      897.5250295260303,
      1244.4893380237613
    ],
    [
      895.9549799565962,
      1264.075126225517
    ],
    [
      897.632724401637,
      1296.028490606053
    ],
    [
      896.4126345024283,
      1335.2869648450867
    ],
    [
      897.8757719251089,
      1370.4996401694848
    ],
    [
      896.0286901882321,
      1397.959911755786
    ],
    [
      899.5466004912196,
      1417.1243601207484
    ],
    [
      892.4154915134109,
      1456.0023327508347
    ],
    [
      907.4517423283669,
      1496.7036457479733
    ],
    [
      878.2261531827075,
      1600.5021954222004
    ],
    [
      957.8035861334533,
      1604.6049086236346
    ],
    [
      1024.1565207259803,
      1596.3123523517638
    ],
    [
      1063.8676046074734,
      1604.6343428806083
    ],
    [
      1065.357619455805,
      1577.42092118657
    ],
    [
      1064.9321384268922,
      1572.5597859081315
    ],
    [
      1067.7829125849184,
      1564.8439294572995
    ],
    [
      1066.107661875305,
      1558.4934660777417
    ],
    [
      1072.9652957572625,
      1535.682937496267
    ],
    [
      1070.0019052365149,
      1501.8396519100731
    ],
    [
      1092.7108272867226,
      1429.9348496102539
    ],
    [
      1075.8303170487777,
      1354.9783435222096
    ],
    [
      1097.6645426956563,
      1224.755832975009
    ],
    [
      1015.5590656198776,
      1212.4953715533788
    ],
    [
      940.5421742404108,
      1227.4653971018577
    ],
    [
      902.4402715580586,
      1216.515447911193
    ],
    [
      895.4059020916654,
      1229.9862348147992
    ]
  ],
  "notes": {
    "obb_axis_start": [
      1883.0,
      609.0
    ],
    "obb_axis_end": [
      1763.0,
      3643.0
    ],
    "obb_margin_cm": 1.0,
    "obb_source": "base-axis-obb",
    "obb_rotate_cw90": true
  }
}
