{
  "id": "13",
  "contour_type": "adaptive_bspline",
  "image_size": [
    1318,
    3244
  ],
  "pixel_scale_cm": 0.00855,
  "fit": {
    "degree": 3,
    "n_control_points": 31,
    "eval_n": 2000,
    "iou": 0.964806791051375,
    "optimization_metric": "boundary_mean",
    "metric_value": 1.869554371563569,
    "hausdorff_px": 12.930924901272196,
    "knot_params": [
      0.0,
      0.1,
      0.2,
      0.30000000000000004,
      0.4,
      0.45,
      0.455,
      0.5,
      0.505,
      0.515,
      0.52,
      0.525,
      0.5700000000000001,
      0.5750000000000001,
      0.5823529411764706,
      0.5873529411764706,
      0.5923529411764706,
      0.5973529411764706,
      0.6023529411764706,
      0.6073529411764707,
      0.6123529411764707,
      0.6173529411764707,
      0.6223529411764707,
      0.6273529411764707,
      0.6323529411764707,
      0.6373529411764707,
      0.6423529411764707,
      0.6473529411764707,
      0.7000000000000001,
      0.8,
      0.9
    ]
  },
  "control_points": [
    [
      279.42098385830855,
      345.95332910622415
    ],
    [
      264.3420357907264,
      364.86877796922954
    ],
    [
      260.1893151723814,
      373.8049411204589
    ],
    [
      254.7575421991496,
      386.19806542688843
    ],
    [
      250.5194163949477,
      396.58059406407267
    ],
    [
      246.13454014075455,
      411.2096879807392
    ],
    [
      241.56010445629227,
      424.87804989097276
    ],
    [
      238.5348119524458,
      436.33705147941293
    ],
    [
      236.75877772296303,
      444.64100467987555
    ],
    [
      235.23062405444125,
      449.58870333453183
    ],
    [
      233.530560900007,
      454.2017387065681
    ],
    [
      232.74889496074638,
      458.9933290896453
    ],
    [
      231.44899130543467,
      463.5808220136935
    ],
    [
      229.69114167643147,
      467.99031649609935
    ],
    [
      229.59092398606617,
      473.04520127037824
    ],
    [
      227.7799150548476,
      477.3996991346154
    ],
    [
      228.58346136696719,
      482.8436822915219
    ],
    [
      225.09961898401707,
      486.4905001221779
    ],
    [
      225.93980429744283,
      492.0819358939807
    ],
    [
      221.75507212554407,
      499.28630175079627
    ],
    [
      223.15916327404148,
      521.5016014192513
    ],
    [
      208.27830766796342,
      556.5833810681225
    ],
    [
      215.27654252791467,
      623.8077263988484
    ],
    [
      184.29440214125475,
      709.7098318152684
    ],
    [
      339.2917734641794,
      724.1228093765337
    ],
    [
      346.011654709946,
      642.8393230080292
    ],
    [
      340.31321390378,
      528.9501210735159
    ],
    [
      342.6368288467986,
      438.63698854771735
    ],
    [
      340.9045027251823,
      353.09235301516435
    ],
    [
      340.50745300013114,
      274.4286177888405
    ],
    [
      291.06728807005084,
      328.1037017067422
    ]
  ],
  "notes": {
    "obb_axis_start": [
      1883.0,
      609.0
    ],
    "obb_axis_end": [
      1763.0,
      3643.0
    ],
    "obb_margin_cm": 1.0,
    "obb_source": "base-axis-obb",
    "obb_rotate_cw90": true
  }
}
