{
  "id": "14",
  "contour_type": "adaptive_bspline",
  "image_size": [
    1318,
    3244
  ],
  "pixel_scale_cm": 0.00855,
  "fit": {
    "degree": 3,
    "n_control_points": 29,
    "eval_n": 2000,
    "iou": 0.9566123778501628,
    "optimization_metric": "boundary_mean",
    "metric_value": 2.1768390738238415,
    "hausdorff_px": 10.957377803490148,
    "knot_params": [
      0.0,
      0.1,
      0.2,
      0.30000000000000004,
      0.4,
      0.42,
      0.465,
      0.47194444444444444,
      0.4773792270531401,
      0.4823792270531401,
      0.48737922705314013,
      0.49237922705314013,
      0.49737922705314014,
      0.5023792270531401,
      0.5073792270531401,
      0.5123792270531401,
      0.5173792270531401,
      0.5223792270531401,
      0.5273792270531401,
      0.5323792270531401,
      0.5373792270531401,
      0.545,
      0.55,
      0.555,
      0.56,
      0.6000000000000001,
      0.7000000000000001,
      0.8,
      0.9
    ]
  },
  "control_points": [
    [
      407.06737481763275,
      243.1355309405269
    ],
    [
      396.2616750137124,
      265.26109552835715
    ],
    [
      403.40088195958447,
      271.49218220426303
    ],
    [
      400.37026780772635,
      279.751977317321
    ],
    [
      401.44501998209694,
      283.59337709312683
    ],
    [
      400.1995736619476,
      290.01072883003417
    ],
    [
      401.4665827844233,
      295.31829895561555
    ],
    [
      400.91957317165657,
      301.1494938376618
    ],
    [
      401.8668382724759,
      306.81578508837003
    ],
    [
      401.19217979908353,
      312.3471306632308
    ],
    [
      402.773226335421,
      318.3547237035385
    ],
    [
      400.79105111114177,
      323.4073256999973
    ],
    [
      401.6843198447898,
      329.28265071320504
    ],
    [
      401.10721271680836,
      335.6500363877195
    ],
    [
      402.94867515990586,
      341.7299492603521
    ],
    [
      399.4950250930351,
      348.43089693605907
    ],
    [
      403.8675626342374,
      356.4928900681123
    ],
    [
      398.1373760388194,
      380.74130102390825
    ],
    [
      408.19744042772004,
      417.6321036881784
    ],
    [
      393.0499003289822,
      494.7311868727694
    ],
    [
      418.23172819713386,
      570.5253100404333
    ],
    [
      371.1679299422874,
      707.3173541784618
    ],
    [
      516.6728165310299,
      723.1549211029337
    ],
    [
      491.8069179872871,
      583.5266906966361
    ],
    [
      501.78986204074226,
      483.5876503707351
    ],
    [
      493.75514599791927,
      374.5329628597159
    ],
    [
      501.1994346347226,
      283.25576710803705
    ],
    [
      488.2376855365185,
      213.55050755549837
    ],
    [
      426.0852610735333,
      250.42751089245644
    ]
  ],
  "notes": {
    "obb_axis_start": [
      1883.0,
      609.0
    ],
    "obb_axis_end": [
      1763.0,
      3643.0
    ],
    "obb_margin_cm": 1.0,
    "obb_source": "base-axis-obb",
    "obb_rotate_cw90": true
  }
}
