{
  "id": "15",
  "contour_type": "adaptive_bspline",
  "image_size": [
    1318,
    3244
  ],
  "pixel_scale_cm": 0.00855,
  "fit": {
    "degree": 3,
    "n_control_points": 10,
    "eval_n": 2000,
    "iou": 0.9406106699474331,
    "optimization_metric": "boundary_mean",
    "metric_value": 2.840412830540332,
    "hausdorff_px": 13.633916686607078,
    "knot_params": [
      0.0,
      0.1,
      0.2,
      0.30000000000000004,
      0.4,
      0.5,
      0.6000000000000001,
      0.7000000000000001,
      0.8,
      0.9
    ]
  },
  "control_points": [
    [
      546.2609174115337,
      460.53608634952434
    ],
    [
      575.5308261180444,
      563.5400883546653
    ],
    [
      525.6574286585783,
      693.223814799037
    ],
    [
      661.3925087884911,
      732.9644733216383
    ],
    [
      652.5108453031914,
      599.6143744670463
    ],
    [
      656.170171738758,
      497.9458000308051
    ],
    [
      646.48175830688,
      387.03656705473486
    ],
    [
      671.3049423485993,
      270.50166917501076
    ],
    [
      533.4003079900372,
      219.07786099881446
    ],
    [
      570.0807526253884,
      358.0375696789047
    ]
  ],
  "notes": {
    "obb_axis_start": [
      1883.0,
      609.0
    ],
    "obb_axis_end": [
      1763.0,
      3643.0
    ],
    "obb_margin_cm": 1.0,
    "obb_source": "base-axis-obb",
    "obb_rotate_cw90": true
  }
}
