{
  "id": "16",
  "contour_type": "adaptive_bspline",
  "image_size": [
    1318,
    3244
  ],
  "pixel_scale_cm": 0.00855,
  "fit": {
    "degree": 3,
    "n_control_points": 11,
    "eval_n": 2000,
    "iou": 0.9714877964517243,
    "optimization_metric": "boundary_mean",
    "metric_value": 1.8556733462130306,
    "hausdorff_px": 11.635868097802641,
    "knot_params": [
      0.0,
      0.1,
      0.2,
      0.30000000000000004,
      0.35000000000000003,
      0.4,
      0.5,
      0.6000000000000001,
      0.7000000000000001,
      0.8,
      0.9
    ]
  },
  "control_points": [
    [
      715.1440309279212,
      510.8512695004223
    ],
    [
      711.5447010678809,
      614.5740595397467
    ],
    [
      714.3836530465992,
      728.1598910307289
    ],
    [
      835.773616342826,
      692.9843688675069
    ],
    [
      962.6817466081293,
      720.0555493411205
    ],
    [
      902.2133883026188,
      604.0380845754279
    ],
    [
      859.1799138528731,
      536.0589116642236
    ],
    [
      807.6061296653666,
      454.72316146005926
    ],
    [
      768.057051987945,
      399.0236808850599
    ],
    [
      707.9239596417019,
      317.96124089553666
    ],
    [
      713.8549092453584,
      431.41474980488624
    ]
  ],
  "notes": {
    "obb_axis_start": [
      1883.0,
      609.0
    ],
    "obb_axis_end": [
      1763.0,
      3643.0
    ],
    "obb_margin_cm": 1.0,
    "obb_source": "base-axis-obb",
    "obb_rotate_cw90": true
  }
}
