{
  "id": "2",
  "contour_type": "adaptive_bspline",
  "image_size": [
    1318,
    3244
  ],
  "pixel_scale_cm": 0.00855,
  "fit": {
    "degree": 3,
    "n_control_points": 32,
    "eval_n": 2000,
    "iou": 0.9660314297650802,
    "optimization_metric": "boundary_mean",
    "metric_value": 2.694272522238996,
    "hausdorff_px": 14.799283005520078,
    "knot_params": [
      0.0,
      0.1,
      0.2,
      0.30000000000000004,
      0.395,
      0.4,
      0.4073529411764706,
      0.4123529411764706,
      0.4173529411764706,
      0.4223529411764706,
      0.4273529411764706,
      0.4323529411764706,
      0.4373529411764706,
      0.4423529411764706,
      0.4473529411764706,
      0.4523529411764706,
      0.45735294117647063,
      0.46235294117647063,
      0.46735294117647064,
      0.49,
      0.495,
      0.5019444444444444,
      0.5067521367521367,
      0.511559829059829,
      0.6000000000000001,
      0.7000000000000001,
      0.8,
      0.89,
      0.895,
      0.9,
      0.905,
      0.91
    ]
  },
  "control_points": [
    [
      475.01956759076734,
      827.8905371700032
    ],
    [
      479.8944403109649,
      824.0008153714018
    ],
    [
      477.5245108858835,
      838.9438054836996
    ],
    [
      479.64768295710974,
      843.8317298198247
    ],
    [
      477.7611250939435,
      852.4388882677465
    ],
    [
      478.35374102513674,
      859.7208078985459
    ],
    [
      479.0862826955863,
      867.982277628101
    ],
    [
      478.08396616388814,
      875.2445018255924
    ],
    [
      478.2929714239169,
      883.044334836246
    ],
    [
      478.66332289215893,
      890.9900634924202
    ],
    [
      479.1632818730493,
      900.9595105626338
    ],
    [
      477.653442731581,
      913.0995005492578
    ],
    [
      480.04132936490396,
      928.0264343914155
    ],
    [
      477.5300669396472,
      943.4151600467364
    ],
    [
      480.1999698471591,
      955.2722764070281
    ],
    [
      477.5600498217186,
      979.2023036691462
    ],
    [
      482.21896884687294,
      1016.1886847923722
    ],
    [
      474.56855309439334,
      1101.0091891390468
    ],
    [
      489.0226613295913,
      1198.098805030165
    ],
    [
      466.6301554078798,
      1349.0410905040765
    ],
    [
      509.2666382786467,
      1414.1397421584081
    ],
    [
      632.0417500541171,
      1389.3425061055957
    ],
    [
      625.8075507880048,
      1372.7388116233317
    ],
    [
      625.9068227217736,
      1331.582077855788
    ],
    [
      627.6994705437642,
      1291.864946799852
    ],
    [
      622.5194921418747,
      1219.067825959349
    ],
    [
      630.157298643767,
      1097.707213299835
    ],
    [
      616.0685809204401,
      976.1378467326113
    ],
    [
      637.9156543440672,
      807.6686338195232
    ],
    [
      589.6073401697747,
      747.2340729862997
    ],
    [
      460.601653931001,
      774.782825163313
    ],
    [
      483.87238937352663,
      786.0337717924019
    ]
  ],
  "notes": {
    "obb_axis_start": [
      1883.0,
      609.0
    ],
    "obb_axis_end": [
      1763.0,
      3643.0
    ],
    "obb_margin_cm": 1.0,
    "obb_source": "base-axis-obb",
    "obb_rotate_cw90": true
  }
}
