{
  "id": "3",
  "contour_type": "adaptive_bspline",
  "image_size": [
    1318,
    3244
  ],
  "pixel_scale_cm": 0.00855,
  "fit": {
    "degree": 3,
    "n_control_points": 27,
    "eval_n": 2000,
    "iou": 0.9677896361064678,
    "optimization_metric": "boundary_mean",
    "metric_value": 2.6119281727321795,
    "hausdorff_px": 15.876133966127352,
    "knot_params": [
      0.0,
      0.1,
      0.2,
      0.30000000000000004,
      0.4,
      0.4104166666666667,
      0.5,
      0.6000000000000001,
      0.7000000000000001,
      0.8,
      0.895,
      0.9,
      0.9073529411764706,
      0.9123529411764706,
      0.9173529411764706,
      0.9223529411764706,
      0.9273529411764706,
      0.9323529411764706,
      0.9373529411764706,
      0.9423529411764706,
      0.9473529411764706,
      0.9523529411764706,
      0.9573529411764706,
      0.9623529411764706,
      0.9673529411764706,
      0.9723529411764706,
      0.995
    ]
  },
  "control_points": [
    [
      679.3163321891343,
      1008.4665901088433
    ],
    [
      687.1572404474953,
      1147.8616929201721
    ],
    [
      687.9956939510803,
      1281.6562540311256
    ],
    [
      676.3195634059527,
      1415.196932105368
    ],
    [
      784.9454455742348,
      1384.6606437926173
    ],
    [
      819.171977145292,
      1398.7189984206648
    ],
    [
      836.8680645754214,
      1379.918252726909
    ],
    [
      826.2073473840896,
      1370.46925126916
    ],
    [
      834.2254519304972,
      1363.1670969739434
    ],
    [
      829.1642454228015,
      1355.369530219763
    ],
    [
      832.6228515270175,
      1347.5276350175197
    ],
    [
      829.2858157387643,
      1339.633062835102
    ],
    [
      833.2749752054347,
      1332.6853391069715
    ],
    [
      829.6327041259935,
      1324.005124392493
    ],
    [
      831.6003341078961,
      1316.9695342256232
    ],
    [
      831.0342491570634,
      1308.7729761278028
    ],
    [
      831.1284751306566,
      1301.6880551499999
    ],
    [
      831.0034828277774,
      1290.6503537691299
    ],
    [
      830.5411339205036,
      1279.777911947702
    ],
    [
      831.781604511365,
      1251.0661787525967
    ],
    [
      828.9802916244089,
      1203.1030412408736
    ],
    [
      832.6943228570265,
      1111.899329344218
    ],
    [
      826.6288314884268,
      1003.3409513831243
    ],
    [
      833.8529652982781,
      857.3598814525626
    ],
    [
      825.8117917856932,
      746.1440612246402
    ],
    [
      653.2266605095424,
      759.7729173989462
    ],
    [
      695.8585556836877,
      880.8374807251153
    ]
  ],
  "notes": {
    "obb_axis_start": [
      1883.0,
      609.0
    ],
    "obb_axis_end": [
      1763.0,
      3643.0
    ],
    "obb_margin_cm": 1.0,
    "obb_source": "base-axis-obb",
    "obb_rotate_cw90": true
  }
}
