{
  "id": "4",
  "contour_type": "adaptive_bspline",
  "image_size": [
    1318,
    3244
  ],
  "pixel_scale_cm": 0.00855,
  "fit": {
    "degree": 3,
    "n_control_points": 29,
    "eval_n": 2000,
    "iou": 0.9660661621007,
    "optimization_metric": "boundary_mean",
    "metric_value": 2.2500573512201076,
    "hausdorff_px": 14.172565819725822,
    "knot_params": [
      0.0,
      0.1,
      0.2,
      0.30000000000000004,
      0.365,
      0.37,
      0.375,
      0.38,
      0.4,
      0.5,
      0.52,
      0.525,
      0.5319444444444444,
      0.5373792270531401,
      0.5423792270531401,
      0.5473792270531401,
      0.5523792270531401,
      0.5573792270531401,
      0.5623792270531401,
      0.5673792270531401,
      0.5723792270531401,
      0.5773792270531402,
      0.5823792270531402,
      0.5873792270531402,
      0.5923792270531402,
      0.6000000000000001,
      0.7000000000000001,
      0.8,
      0.9
    ]
  },
  "control_points": [
    [
      889.2334021588738,
      803.2898451243964
    ],
    [
      889.9922804277858,
      826.0366153460122
    ],
    [
      890.0615961204783,
      866.8372233180155
    ],
    [
      890.0914638428301,
      902.8073533573943
    ],
    [
      890.3768902737686,
      932.2181178557623
    ],
    [
      890.0134451872466,
      948.7132548959503
    ],
    [
      890.7008302995582,
      956.3575197606528
    ],
    [
      890.7806971737514,
      962.8611964313993
    ],
    [
      889.0787384839193,
      966.3642472324823
    ],
    [
      891.0234108699653,
      975.0043741517181
    ],
    [
      889.6978820207416,
      976.2695500164934
    ],
    [
      891.2775237314779,
      987.000459909962
    ],
    [
      890.4069300567246,
      986.1188226083711
    ],
    [
      889.3892341579199,
      998.2429253112875
    ],
    [
      890.957760349555,
      995.8692705951512
    ],
    [
      889.7884706015523,
      1010.3261191169149
    ],
    [
      891.4612572465289,
      1006.0863114669637
    ],
    [
      888.7256398269656,
      1034.1500266244263
    ],
    [
      893.6604791111868,
      1042.8841449379513
    ],
    [
      884.8072812670725,
      1134.9466502286025
    ],
    [
      901.0716966581506,
      1162.3045285215019
    ],
    [
      1061.8995703057906,
      1176.0919647522433
    ],
    [
      1066.5303691812367,
      1097.5460819944053
    ],
    [
      1034.8354315243387,
      978.5362236947612
    ],
    [
      1015.5970799666338,
      894.5960201083019
    ],
    [
      989.509624622722,
      798.261633553891
    ],
    [
      961.3736109957194,
      750.124183231263
    ],
    [
      890.7569803806846,
      767.5836457974333
    ],
    [
      890.4509200432697,
      772.3815228137225
    ]
  ],
  "notes": {
    "obb_axis_start": [
      1883.0,
      609.0
    ],
    "obb_axis_end": [
      1763.0,
      3643.0
    ],
    "obb_margin_cm": 1.0,
    "obb_source": "base-axis-obb",
    "obb_rotate_cw90": true
  }
}
