{
  "id": "5",
  "contour_type": "adaptive_bspline",
  "image_size": [
    1318,
    3244
  ],
  "pixel_scale_cm": 0.00855,
  "fit": {
    "degree": 3,
    "n_control_points": 40,
    "eval_n": 2000,
    "iou": 0.968474122421656,
    "optimization_metric": "boundary_mean",
    "metric_value": 2.525657577608698,
    "hausdorff_px": 14.577926191096374,
    "knot_params": [
      0.0,
      0.005,
      0.01,
      0.015,
      0.1,
      0.2,
      0.30000000000000004,
      0.385,
      0.39,
      0.4,
      0.405,
      0.41000000000000003,
      0.41500000000000004,
      0.47000000000000003,
      0.47500000000000003,
      0.48,
      0.485,
      0.5,
      0.52,
      0.525,
      0.6000000000000001,
      0.7000000000000001,
      0.8,
      0.85,
      0.855,
      0.8623529411764705,
      0.8673529411764705,
      0.8723529411764706,
      0.8773529411764706,
      0.8823529411764706,
      0.8873529411764706,
      0.8923529411764706,
      0.8973529411764706,
      0.9023529411764706,
      0.9073529411764706,
      0.9123529411764706,
      0.9173529411764706,
      0.9223529411764706,
      0.9273529411764706,
      0.9323529411764706
    ]
  },
  "control_points": [
    [
      484.40332383136,
      1666.82615395946
    ],
    [
      511.2804303110702,
      1748.6239811702303
    ],
    [
      513.4758486423607,
      1785.5122394210912
    ],
    [
      520.7391181324724,
      1807.1473524013086
    ],
    [
      520.2885006714746,
      1821.9665190382248
    ],
    [
      526.3060965221448,
      1842.9999539993855
    ],
    [
      528.4924867175562,
      1870.0043142862496
    ],
    [
      534.4158436139921,
      1896.7439643504745
    ],
    [
      533.4665705486896,
      1919.7009244443643
    ],
    [
      542.0730586001071,
      1936.8020978749114
    ],
    [
      531.0867291896293,
      1956.109898370662
    ],
    [
      555.9181730805844,
      1976.7812464744925
    ],
    [
      516.9785917833221,
      2037.8504241113642
    ],
    [
      598.192284924834,
      2088.5784741931748
    ],
    [
      680.1897785046253,
      2032.9050346901304
    ],
    [
      640.1958706783184,
      1895.00519532703
    ],
    [
      662.5468861093152,
      1809.3767692995843
    ],
    [
      649.6846135465598,
      1738.0626246495053
    ],
    [
      655.9864025173904,
      1709.2536974311038
    ],
    [
      653.2188636756,
      1691.961312252492
    ],
    [
      654.9321611947742,
      1684.8283470002698
    ],
    [
      653.3958631768014,
      1675.5152042241548
    ],
    [
      653.4693909063244,
      1667.8249446532068
    ],
    [
      654.6951240403316,
      1660.1826491714633
    ],
    [
      653.574896655394,
      1651.8820161561566
    ],
    [
      653.7134085439343,
      1643.9113095733114
    ],
    [
      652.8783409215212,
      1635.7094903040024
    ],
    [
      654.6562879890787,
      1628.28617085626
    ],
    [
      653.106921357773,
      1619.9679169148505
    ],
    [
      653.5531427052167,
      1611.7566900877648
    ],
    [
      653.9327327884328,
      1604.6490909176784
    ],
    [
      653.619495149449,
      1586.8597641812844
    ],
    [
      652.5823634295675,
      1564.5209049462583
    ],
    [
      655.8181320370422,
      1528.682600848837
    ],
    [
      649.0016677719977,
      1500.0268576101405
    ],
    [
      662.8442074754548,
      1455.5165984789462
    ],
    [
      603.4271187310794,
      1450.8900609243642
    ],
    [
      541.1074114796063,
      1460.3444037711968
    ],
    [
      388.92582352449085,
      1433.4810983343168
    ],
    [
      475.03716621084845,
      1576.110823162278
    ]
  ],
  "notes": {
    "obb_axis_start": [
      1883.0,
      609.0
    ],
    "obb_axis_end": [
      1763.0,
      3643.0
    ],
    "obb_margin_cm": 1.0,
    "obb_source": "base-axis-obb",
    "obb_rotate_cw90": true
  }
}
