{
  "id": "6",
  "contour_type": "adaptive_bspline",
  "image_size": [
    1318,
    3244
  ],
  "pixel_scale_cm": 0.00855,
  "fit": {
    "degree": 3,
    "n_control_points": 33,
    "eval_n": 2000,
    "iou": 0.96252392497129,
    "optimization_metric": "boundary_mean",
    "metric_value": 2.549187166578636,
    "hausdorff_px": 14.845431296601518,
    "knot_params": [
      0.0,
      0.1,
      0.2,
      0.30000000000000004,
      0.355,
      0.4,
      0.405,
      0.41000000000000003,
      0.41694444444444445,
      0.4223792270531401,
      0.4278140096618358,
      0.4332487922705315,
      0.43868357487922716,
      0.44411835748792283,
      0.49,
      0.495,
      0.5023529411764706,
      0.5073529411764706,
      0.5123529411764706,
      0.5173529411764706,
      0.5223529411764706,
      0.5273529411764706,
      0.5323529411764706,
      0.5391176470588234,
      0.6000000000000001,
      0.7000000000000001,
      0.8,
      0.9,
      0.905,
      0.91,
      0.915,
      0.92,
      0.995
    ]
  },
  "control_points": [
    [
      709.6550749274784,
      1519.2811306958663
    ],
    [
      714.6522000843745,
      1519.4292376515427
    ],
    [
      712.0185678560083,
      1535.194921837386
    ],
    [
      714.2051645869913,
      1539.8496880504542
    ],
    [
      713.4365388385188,
      1549.6539528770743
    ],
    [
      713.2836455748129,
      1561.8683239097002
    ],
    [
      713.3722545058613,
      1580.1899772789634
    ],
    [
      713.3656933199202,
      1603.0399023561
    ],
    [
      713.9218793099419,
      1626.5365532151718
    ],
    [
      713.2182423202703,
      1644.5754759465322
    ],
    [
      714.4253284452741,
      1658.2716384370065
    ],
    [
      713.7778571161593,
      1666.1170989895882
    ],
    [
      713.7586326073877,
      1673.3574682225221
    ],
    [
      713.8270605591081,
      1681.8415849240205
    ],
    [
      714.9501375200082,
      1687.5321850023056
    ],
    [
      712.2245865679315,
      1705.616131009976
    ],
    [
      717.4284314242666,
      1733.2433363133182
    ],
    [
      708.1247285494162,
      1804.756121289914
    ],
    [
      725.829259607573,
      1887.1900483801865
    ],
    [
      695.7391261414996,
      2031.6527829432143
    ],
    [
      757.8450487870864,
      2081.007035578469
    ],
    [
      868.1184390775481,
      2053.9660465900774
    ],
    [
      831.3697302918226,
      2004.632768488983
    ],
    [
      845.8447801542131,
      1977.6140750958498
    ],
    [
      838.1628372233934,
      1952.4261299306959
    ],
    [
      841.8914298549771,
      1908.1143477193796
    ],
    [
      837.352409933751,
      1838.391465469098
    ],
    [
      842.5591787161636,
      1745.5306406830891
    ],
    [
      833.1578924539322,
      1643.9208723647107
    ],
    [
      846.2547595561762,
      1505.2544978486915
    ],
    [
      821.3524996378758,
      1432.6538992585076
    ],
    [
      696.3973764407988,
      1458.470818356019
    ],
    [
      719.7881983187294,
      1473.5476368285244
    ]
  ],
  "notes": {
    "obb_axis_start": [
      1883.0,
      609.0
    ],
    "obb_axis_end": [
      1763.0,
      3643.0
    ],
    "obb_margin_cm": 1.0,
    "obb_source": "base-axis-obb",
    "obb_rotate_cw90": true
  }
}
