{
  "id": "7",
  "contour_type": "adaptive_bspline",
  "image_size": [
    1318,
    3244
  ],
  "pixel_scale_cm": 0.00855,
  "fit": {
    "degree": 3,
    "n_control_points": 29,
    "eval_n": 2000,
    "iou": 0.9580958939485237,
    "optimization_metric": "boundary_mean",
    "metric_value": 2.6427563198117108,
    "hausdorff_px": 17.112667188228595,
    "knot_params": [
      0.0,
      0.1,
      0.2,
      0.30000000000000004,
      0.4,
      0.5,
      0.6000000000000001,
      0.7000000000000001,
      0.8,
      0.84,
      0.845,
      0.85,
      0.8569444444444444,
      0.8623792270531401,
      0.8673792270531401,
      0.8723792270531401,
      0.8773792270531401,
      0.8823792270531401,
      0.8873792270531401,
      0.8923792270531401,
      0.8973792270531401,
      0.9023792270531401,
      0.9073792270531401,
      0.9123792270531401,
      0.9173792270531401,
      0.9223792270531401,
      0.9273792270531401,
      0.935,
      0.995
    ]
  },
  "control_points": [
    [
      893.449869772819,
      1872.5818339271382
    ],
    [
      906.5333125724842,
      1962.55324075592
    ],
    [
      898.5583203222448,
      2030.9558858325177
    ],
    [
      906.7747880054735,
      2071.6543864120763
    ],
    [
      938.6224557728469,
      2059.0422145032594
    ],
    [
      942.9564843994319,
      2064.8570583685473
    ],
    [
      951.7333951922344,
      2062.0581808539337
    ],
    [
      956.6266500430293,
      2062.635380876175
    ],
    [
      962.4184232091309,
      2063.5844355842446
    ],
    [
      967.9569928365447,
      2063.152508944055
    ],
    [
      973.5322074895043,
      2063.0847678421314
    ],
    [
      979.270501285615,
      2062.3762489805404
    ],
    [
      984.2141353471809,
      2063.86801469447
    ],
    [
      989.9151881244566,
      2063.3629799253576
    ],
    [
      995.5754939415597,
      2062.7239451925248
    ],
    [
      1000.6995609545838,
      2064.298360180383
    ],
    [
      1005.9045308737607,
      2063.465201401329
    ],
    [
      1012.791962524873,
      2063.8485514631416
    ],
    [
      1015.7687296922684,
      2062.3401813703085
    ],
    [
      1032.3756215365322,
      2066.886566342538
    ],
    [
      1038.518145670634,
      2056.8456306337794
    ],
    [
      1038.2424587196012,
      2021.4808258935773
    ],
    [
      1031.3499444039155,
      1980.051129996663
    ],
    [
      1041.3812250275448,
      1902.4669595496339
    ],
    [
      1029.2144109019337,
      1830.5928730066871
    ],
    [
      1063.1092580417344,
      1704.9307520742977
    ],
    [
      1030.8761513222712,
      1648.3908446596884
    ],
    [
      870.4778477778627,
      1651.4990738146248
    ],
    [
      912.108114602197,
      1768.057008215932
    ]
  ],
  "notes": {
    "obb_axis_start": [
      1883.0,
      609.0
    ],
    "obb_axis_end": [
      1763.0,
      3643.0
    ],
    "obb_margin_cm": 1.0,
    "obb_source": "base-axis-obb",
    "obb_rotate_cw90": true
  }
}
