{
  "id": "8",
  "contour_type": "adaptive_bspline",
  "image_size": [
    1318,
    3244
  ],
  "pixel_scale_cm": 0.00855,
  "fit": {
    "degree": 3,
    "n_control_points": 28,
    "eval_n": 2000,
    "iou": 0.9709562288212059,
    "optimization_metric": "boundary_mean",
    "metric_value": 2.7010679729131377,
    "hausdorff_px": 17.91078330316939,
    "knot_params": [
      0.0,
      0.005,
      0.1,
      0.2,
      0.30000000000000004,
      0.4,
      0.5,
      0.6000000000000001,
      0.7000000000000001,
      0.8,
      0.835,
      0.84,
      0.8469444444444444,
      0.8523792270531401,
      0.8573792270531401,
      0.8623792270531401,
      0.8673792270531401,
      0.8723792270531401,
      0.8773792270531401,
      0.8823792270531401,
      0.8873792270531401,
      0.8923792270531401,
      0.8973792270531401,
      0.9023792270531401,
      0.9073792270531401,
      0.9123792270531401,
      0.9173792270531401,
      0.995
    ]
  },
  "control_points": [
    [
      538.9387682872818,
      2822.7949254659234
    ],
    [
      565.4005998500811,
      2950.645707932727
    ],
    [
      642.0485213875893,
      3029.649052805185
    ],
    [
      716.3981589270963,
      3061.395326464318
    ],
    [
      762.073414474946,
      3070.773303779741
    ],
    [
      757.6790998013475,
      3029.7705851249534
    ],
    [
      756.5870864326989,
      3024.862555281092
    ],
    [
      758.152889960345,
      3014.4112399925684
    ],
    [
      757.4265523351557,
      3008.7326243028597
    ],
    [
      757.3867711161665,
      3001.0986486844863
    ],
    [
      756.5846363946316,
      2994.2201488835694
    ],
    [
      758.0700685018446,
      2987.8289920134457
    ],
    [
      757.3734278217364,
      2980.7455796717713
    ],
    [
      757.1470365541975,
      2973.827767935978
    ],
    [
      757.0480797157718,
      2966.871779754674
    ],
    [
      756.1101873827106,
      2959.885802376971
    ],
    [
      758.0149581198727,
      2953.1923012514617
    ],
    [
      756.41780399139,
      2946.924960550273
    ],
    [
      757.7171985952898,
      2929.73777245164
    ],
    [
      754.5301067304963,
      2909.931579281673
    ],
    [
      758.7902449131082,
      2872.741161490144
    ],
    [
      751.8550554424942,
      2839.239740029895
    ],
    [
      763.5365746452842,
      2769.9875252448924
    ],
    [
      743.0115226635594,
      2717.276333895678
    ],
    [
      779.3764989758477,
      2566.2960715174245
    ],
    [
      697.6695922089921,
      2541.5272849013213
    ],
    [
      513.5929842330177,
      2536.7303805760685
    ],
    [
      554.3658255417263,
      2687.8901476826686
    ]
  ],
  "notes": {
    "obb_axis_start": [
      1883.0,
      609.0
    ],
    "obb_axis_end": [
      1763.0,
      3643.0
    ],
    "obb_margin_cm": 1.0,
    "obb_source": "base-axis-obb",
    "obb_rotate_cw90": true
  }
}
