{
  "id": "9",
  "contour_type": "adaptive_bspline",
  "image_size": [
    1318,
    3244
  ],
  "pixel_scale_cm": 0.00855,
  "fit": {
    "degree": 3,
    "n_control_points": 29,
    "eval_n": 2000,
    "iou": 0.9795108037674676,
    "optimization_metric": "boundary_mean",
    "metric_value": 2.0163360907967047,
    "hausdorff_px": 12.737694093752292,
    "knot_params": [
      0.0,
      0.005,
      0.1,
      0.2,
      0.30000000000000004,
      0.38,
      0.4,
      0.5,
      0.6000000000000001,
      0.7000000000000001,
      0.8,
      0.835,
      0.84,
      0.8473529411764705,
      0.8523529411764705,
      0.8573529411764705,
      0.8623529411764705,
      0.8673529411764705,
      0.8723529411764706,
      0.8773529411764706,
      0.8823529411764706,
      0.8873529411764706,
      0.8923529411764706,
      0.8973529411764706,
      0.9023529411764706,
      0.9073529411764706,
      0.9123529411764706,
      0.9173529411764706,
      0.995
    ]
  },
  "control_points": [
    [
      830.5103647430528,
      2750.27219256093
    ],
    [
      841.4470121945196,
      2863.8432341679013
    ],
    [
      826.7825021471838,
      2992.1846802595355
    ],
    [
      852.6508844268344,
      3087.9105293473394
    ],
    [
      957.824920691975,
      3001.687422227846
    ],
    [
      972.3094543914995,
      2996.114845486995
    ],
    [
      1001.0440547581218,
      2960.501889226764
    ],
    [
      999.2035764048901,
      2960.5265794420293
    ],
    [
      1007.8125485120795,
      2949.891988829502
    ],
    [
      1009.1924816861508,
      2946.4915157933024
    ],
    [
      1013.178053292768,
      2939.905983768686
    ],
    [
      1016.391849166148,
      2934.768334691153
    ],
    [
      1018.7885505384711,
      2928.7074155572636
    ],
    [
      1021.2887779422936,
      2922.88968658791
    ],
    [
      1023.9737738153649,
      2917.090710066474
    ],
    [
      1027.1009691687545,
      2911.4176584189154
    ],
    [
      1028.6588230211519,
      2905.3293664282137
    ],
    [
      1031.6440997051932,
      2899.3161274774225
    ],
    [
      1033.0683328745542,
      2893.753853620627
    ],
    [
      1036.917562757863,
      2878.6588565705556
    ],
    [
      1039.4406072180207,
      2859.234059741348
    ],
    [
      1043.0959594258813,
      2824.9278374454575
    ],
    [
      1042.959100901606,
      2789.9344092127067
    ],
    [
      1049.5197862740595,
      2726.2287764864873
    ],
    [
      1041.193040979578,
      2666.464044223265
    ],
    [
      1065.2731176909356,
      2526.816294109328
    ],
    [
      941.4588016693347,
      2554.727138495106
    ],
    [
      818.8155830729036,
      2528.536334126327
    ],
    [
      840.221648971378,
      2650.853022633468
    ]
  ],
  "notes": {
    "obb_axis_start": [
      1883.0,
      609.0
    ],
    "obb_axis_end": [
      1763.0,
      3643.0
    ],
    "obb_margin_cm": 1.0,
    "obb_source": "base-axis-obb",
    "obb_rotate_cw90": true
  }
}
