{
  "id": "base",
  "contour_type": "adaptive_bspline",
  "image_size": [
    1318,
    3244
  ],
  "pixel_scale_cm": 0.00855,
  "fit": {
    "degree": 3,
    "n_control_points": 27,
    "eval_n": 2000,
    "iou": 0.9807809206510401,
    "optimization_metric": "boundary_mean",
    "metric_value": 9.300761236973685,
    "hausdorff_px": 39.6272119065004,
    "knot_params": [
      0.0,
      0.1,
      0.2,
      0.30000000000000004,
      0.4,
      0.45,
      0.47000000000000003,
      0.47500000000000003,
      0.48,
      0.4869444444444444,
      0.4923792270531401,
      0.4973792270531401,
      0.5023792270531401,
      0.5073792270531401,
      0.5123792270531401,
      0.5173792270531401,
      0.5223792270531401,
      0.5273792270531401,
      0.5323792270531401,
      0.5373792270531401,
      0.5423792270531401,
      0.5473792270531401,
      0.5523792270531401,
      0.6000000000000001,
      0.7000000000000001,
      0.8,
      0.9
    ]
  },
  "control_points": [
    [
      151.48195493606704,
      355.25237667650526
    ],
    [
      129.90857952986994,
      443.90501893378735
    ],
    [
      127.6036803050647,
      483.98765398597084
    ],
    [
      123.01189500846203,
      527.9671384417612
    ],
    [
      120.87985130742072,
      564.1441861338033
    ],
    [
      118.6328373740148,
      602.581568861241
    ],
    [
      118.64142851677593,
      638.7853902650966
    ],
    [
      117.50942034114041,
      674.950239187197
    ],
    [
      118.45390909889466,
      711.5965960786232
    ],
    [
      118.43807936607959,
      748.1383613824546
    ],
    [
      120.1207834955585,
      784.8121323896717
    ],
    [
      122.20045142076287,
      822.7364901557498
    ],
    [
      125.998012527225,
      855.0687276478698
    ],
    [
      123.92855902729912,
      901.4133495549563
    ],
    [
      140.83930487073576,
      942.8482345961031
    ],
    [
      151.0050995286224,
      1116.3888741754681
    ],
    [
      261.6157790766799,
      1315.552799658701
    ],
    [
      441.59884567654103,
      1781.2297430432932
    ],
    [
      471.11227817720373,
      2272.914531379544
    ],
    [
      363.0309789764717,
      3211.8350714036137
    ],
    [
      1285.0556114405153,
      3114.8067868468456
    ],
    [
      1079.2351685866577,
      2194.448476111214
    ],
    [
      1212.5404831909977,
      1574.5362089074272
    ],
    [
      1203.5610051513631,
      840.5972776873546
    ],
    [
      894.2260225388063,
      345.01464083200415
    ],
    [
      511.1335549444764,
      33.72273586166165
    ],
    [
      220.24425603320992,
      219.51884498405389
    ]
  ],
  "notes": {
    "obb_axis_start": [
      1883.0,
      609.0
    ],
    "obb_axis_end": [
      1763.0,
      3643.0
    ],
    "obb_margin_cm": 1.0,
    "obb_source": "base-axis-obb",
    "obb_rotate_cw90": true
  }
}
