{
  "id": "1",
  "contour_type": "uniform_bspline",
  "image_size": [
    132,
    327
  ],
  "pixel_scale_cm": 0.0855,
  "fit": {
    "degree": 3,
    "n_control_points": 18,
    "eval_n": 2000,
    "iou": 0.9240890688259109,
    "optimization_metric": "iou",
    "metric_value": 0.9240890688259109,
    "hausdorff_px": 0.0,
    "knot_params": null
  },
  "control_points": [
    [
      47.66515203287062,
      92.72908186390224
    ],
    [
      48.1009021922787,
      101.55179399581478
    ],
    [
      48.08693905939161,
      109.53411995427113
    ],
    [
      47.68817326532292,
      118.76438556874162
    ],
    [
      48.68424343546749,
      125.79791566964434
    ],
    [
      46.48854118954272,
      137.10580410406456
    ],
    [
      52.495466478337036,
      138.27572130661105
    ],
    [
      63.75115042651743,
      138.916179874467
    ],
    [
      61.34199414148251,
      129.15219451822006
    ],
    [
      62.279815756482265,
      121.18911194739132
    ],
    [
      61.93301347697226,
      112.35838899819825
    ],
    [
      61.88714444276425,
      104.37799098674604
    ],
    [
      62.341135192023486,
      95.1510385988213
    ],
    [
      61.262898387178005,
      88.10891600310269
    ],
    [
      63.679886104680385,
      76.80703166158904
    ],
    [
      56.28990427593014,
      75.79411009984403
    ],
    [
      46.136466274070465,
      75.00962733779319
    ],
    [
      48.750655524604504,
      84.74944784036354
    ]
  ],
  "notes": {}
}
