{
  "id": "10",
  "contour_type": "uniform_bspline",
  "image_size": [
    132,
    327
  ],
  "pixel_scale_cm": 0.0855,
  "fit": {
    "degree": 3,
    "n_control_points": 11,
    "eval_n": 2000,
    "iou": 0.9290953545232273,
    "optimization_metric": "iou",
    "metric_value": 0.9290953545232273,
    "hausdorff_px": 0.0,
    "knot_params": null
  },
  "control_points": [
    [
      54.53041688348959,
      230.82736803352145
    ],
    [
      52.722415198407674,
      244.72505427427822
    ],
    [
      57.4037205731773,
      247.5631488128856
    ],
    [
      72.4379753157615,
      247.82778365615908
    ],
    [
      76.0125548968901,
      243.92241910389666
    ],
    [
      74.7200670043469,
      230.0286619449897
    ],
    [
      74.65626465662646,
      222.51866491779873
    ],
    [
      75.8545299084379,
      210.6429546898972
    ],
    [
      64.92457291136921,
      213.05382140532964
    ],
    [
      53.09526496265004,
      209.83092079103452
    ],
    [
      53.94424445543295,
      222.89709072414314
    ]
  ],
  "notes": {}
}
