{
  "id": "11",
  "contour_type": "uniform_bspline",
  "image_size": [
    132,
    327
  ],
  "pixel_scale_cm": 0.0855,
  "fit": {
    "degree": 3,
    "n_control_points": 11,
    "eval_n": 2000,
    "iou": 0.934487021013597,
    "optimization_metric": "iou",
    "metric_value": 0.934487021013597,
    "hausdorff_px": 0.0,
    "knot_params": null
  },
  "control_points": [
    [
      83.4144182031398,
      231.04356490831978
    ],
    [
      81.62126683627707,
      245.34893776506627
    ],
    [
      87.70255071302772,
      247.2680018941382
    ],
    [
      102.53249117584792,
      248.14893108045328
    ],
    [
      104.75469654209525,
      242.66799246554064
    ],
    [
      103.79580423378921,
      228.69321587455585
    ],
    [
      102.69597154659033,
      223.83376001824698
    ],
    [
      104.37789262321797,
      209.674336662541
    ],
    [
      92.49422116793363,
      213.45353362800086
    ],
    [
      81.5460998413197,
      209.7060781785204
    ],
    [
      83.23243079081612,
      223.61800855401393
    ]
  ],
  "notes": {}
}
