{
  "id": "12",
  "contour_type": "uniform_bspline",
  "image_size": [
    132,
    327
  ],
  "pixel_scale_cm": 0.0855,
  "fit": {
    "degree": 3,
    "n_control_points": 19,
    "eval_n": 2000,
    "iou": 0.9301675977653632,
    "optimization_metric": "iou",
    "metric_value": 0.9301675977653632,
    "hausdorff_px": 0.0,
    "knot_params": null
  },
  "control_points": [
    [
      93.57499914882528,
      121.0712909465387
    ],
    [
      88.76228730232755,
      122.89319496278817
    ],
    [
      90.61020103315475,
      129.91946284266595
    ],
    [
      89.63387201622605,
      135.13620943670426
    ],
    [
      90.28692190021842,
      140.99356091119165
    ],
    [
      89.6708811038047,
      146.95324639174152
    ],
    [
      90.53372620233223,
      152.01044541752827
    ],
    [
      88.80047028065273,
      159.43921674680539
    ],
    [
      95.02635447143537,
      158.87911555264677
    ],
    [
      100.66127486267798,
      159.1529625859558
    ],
    [
      106.73678654459027,
      158.94949438360456
    ],
    [
      105.4952930824857,
      151.77451299664256
    ],
    [
      107.28742727497334,
      147.03598474524753
    ],
    [
      107.07109419142917,
      141.40318866864044
    ],
    [
      108.96111770604281,
      135.68896431566247
    ],
    [
      106.28077616882216,
      130.82996148453356
    ],
    [
      107.7403982242964,
      124.21431652885835
    ],
    [
      105.6230814835563,
      119.95586549452418
    ],
    [
      99.78805782355312,
      123.17664938334619
    ]
  ],
  "notes": {}
}
