{
  "id": "13",
  "contour_type": "uniform_bspline",
  "image_size": [
    132,
    327
  ],
  "pixel_scale_cm": 0.0855,
  "fit": {
    "degree": 3,
    "n_control_points": 19,
    "eval_n": 2000,
    "iou": 0.8888888888888888,
    "optimization_metric": "iou",
    "metric_value": 0.8888888888888888,
    "hausdorff_px": 0.0,
    "knot_params": null
  },
  "control_points": [
    [
      26.087877140507747,
      36.860787507153255
    ],
    [
      24.2162517128322,
      42.056174357611965
    ],
    [
      23.1585110669506,
      46.788344471033
    ],
    [
      22.402558741093678,
      51.71565907158607
    ],
    [
      21.104553598671497,
      57.046585162896065
    ],
    [
      21.244354382867506,
      61.364954496785806
    ],
    [
      20.105633126188863,
      68.62982306191508
    ],
    [
      24.118350362762666,
      69.1775208703088
    ],
    [
      30.674644035382975,
      69.10827606915151
    ],
    [
      34.982852933523084,
      68.76970717934144
    ],
    [
      33.589838893296,
      61.57455719850055
    ],
    [
      34.15307200984744,
      57.092510912541066
    ],
    [
      34.02233918551661,
      51.27013570169392
    ],
    [
      33.81604805215723,
      46.054647923142795
    ],
    [
      33.53008689835806,
      41.85985710264549
    ],
    [
      33.22810478582428,
      38.20379844807918
    ],
    [
      33.143175075049605,
      32.847347766734686
    ],
    [
      32.61413592184408,
      27.158960908565646
    ],
    [
      28.142052261458588,
      33.65285290930854
    ]
  ],
  "notes": {}
}
