{
  "id": "14",
  "contour_type": "uniform_bspline",
  "image_size": [
    132,
    327
  ],
  "pixel_scale_cm": 0.0855,
  "fit": {
    "degree": 3,
    "n_control_points": 18,
    "eval_n": 2000,
    "iou": 0.9023354564755839,
    "optimization_metric": "iou",
    "metric_value": 0.9023354564755839,
    "hausdorff_px": 0.0,
    "knot_params": null
  },
  "control_points": [
    [
      40.41489204870527,
      32.03699710224479
    ],
    [
      39.83239324399658,
      38.4580485558016
    ],
    [
      40.81094917812061,
      43.22754134898586
    ],
    [
      39.80126835677562,
      48.4285250512189
    ],
    [
      40.956995632227596,
      53.9928345838201
    ],
    [
      40.255285121447905,
      57.88716485412767
    ],
    [
      41.27518922794152,
      64.04641229723315
    ],
    [
      40.391974614948644,
      70.00661829497918
    ],
    [
      50.41602729818373,
      69.52553401870293
    ],
    [
      48.47781390704109,
      63.08438347215073
    ],
    [
      49.22642722075621,
      56.59991817227393
    ],
    [
      48.933415782120335,
      50.21819560850546
    ],
    [
      48.93872712125461,
      44.044586962053216
    ],
    [
      49.21577578028804,
      37.21744307079993
    ],
    [
      48.521587471232195,
      31.784091980870446
    ],
    [
      50.108286443836754,
      23.445247561879032
    ],
    [
      45.22104294485858,
      22.547779916439755
    ],
    [
      38.87262938777266,
      24.918400541736005
    ]
  ],
  "notes": {}
}
