{
  "id": "15",
  "contour_type": "uniform_bspline",
  "image_size": [
    132,
    327
  ],
  "pixel_scale_cm": 0.0855,
  "fit": {
    "degree": 3,
    "n_control_points": 12,
    "eval_n": 2000,
    "iou": 0.8881856540084389,
    "optimization_metric": "iou",
    "metric_value": 0.8881856540084389,
    "hausdorff_px": 0.0,
    "knot_params": null
  },
  "control_points": [
    [
      55.77693372533257,
      41.61011869203095
    ],
    [
      55.862199328610934,
      51.23366356538156
    ],
    [
      56.61074789778776,
      59.60920669438539
    ],
    [
      54.13466963422108,
      69.91464064809982
    ],
    [
      66.78062135094223,
      69.97466628829385
    ],
    [
      64.38114076522967,
      59.83602925028195
    ],
    [
      65.25030965809802,
      51.22896194958496
    ],
    [
      64.9688758709867,
      41.997679235705085
    ],
    [
      64.71841102052497,
      33.23310575375874
    ],
    [
      65.2615931471324,
      26.085868169306675
    ],
    [
      54.056884057371384,
      22.167216124201357
    ],
    [
      56.718334668307186,
      33.667494582710795
    ]
  ],
  "notes": {}
}
