{
  "id": "16",
  "contour_type": "uniform_bspline",
  "image_size": [
    132,
    327
  ],
  "pixel_scale_cm": 0.0855,
  "fit": {
    "degree": 3,
    "n_control_points": 17,
    "eval_n": 2000,
    "iou": 0.9329268292682927,
    "optimization_metric": "iou",
    "metric_value": 0.9329268292682927,
    "hausdorff_px": 0.0,
    "knot_params": null
  },
  "control_points": [
    [
      71.65991868572426,
      43.453945223857005
    ],
    [
      71.54454931432095,
      47.92699667759361
    ],
    [
      71.94774286122943,
      53.80526632376479
    ],
    [
      72.41305218216489,
      59.5807104395246
    ],
    [
      71.01872882415786,
      67.12672716589523
    ],
    [
      74.3990741409439,
      69.94570936953451
    ],
    [
      82.09370360598069,
      68.46214075441516
    ],
    [
      87.23876729699187,
      69.34236781307115
    ],
    [
      94.97983485006817,
      69.00911373622135
    ],
    [
      89.92033904695742,
      62.44413565113053
    ],
    [
      88.62676665673874,
      57.91743990677435
    ],
    [
      85.02267714759483,
      52.58362697589984
    ],
    [
      82.12468872926256,
      48.055738079459715
    ],
    [
      78.4321943515809,
      42.915792555449926
    ],
    [
      76.0096011920575,
      38.50709323356838
    ],
    [
      71.01068667168451,
      32.33943696015877
    ],
    [
      71.3963861858379,
      39.40911051288355
    ]
  ],
  "notes": {}
}
