{
  "id": "3",
  "contour_type": "uniform_bspline",
  "image_size": [
    132,
    327
  ],
  "pixel_scale_cm": 0.0855,
  "fit": {
    "degree": 3,
    "n_control_points": 20,
    "eval_n": 2000,
    "iou": 0.9172043010752688,
    "optimization_metric": "iou",
    "metric_value": 0.9172043010752688,
    "hausdorff_px": 0.0,
    "knot_params": null
  },
  "control_points": [
    [
      68.54902241735772,
      90.95864261389968
    ],
    [
      69.41132518171605,
      98.88239387577805
    ],
    [
      68.42850864658068,
      106.23863913530825
    ],
    [
      69.3277827484462,
      112.53240222502933
    ],
    [
      68.60297916208503,
      121.24093454357809
    ],
    [
      69.67312152698268,
      127.30222563191224
    ],
    [
      67.58240988342023,
      137.6415585709938
    ],
    [
      73.48891611012046,
      138.04848704504155
    ],
    [
      83.45760163373704,
      138.94440737409727
    ],
    [
      81.44309829339316,
      130.2191501350317
    ],
    [
      82.29022155166402,
      122.95219445537191
    ],
    [
      81.81168617281838,
      115.30397814815247
    ],
    [
      82.16826593736783,
      107.63217737334911
    ],
    [
      81.78267723934148,
      100.3379864036133
    ],
    [
      82.3582406528506,
      92.16187869183725
    ],
    [
      81.32286793071816,
      85.77084628267401
    ],
    [
      83.54727932375414,
      75.60752532282135
    ],
    [
      76.10724760580796,
      76.28878311609188
    ],
    [
      67.37956503092472,
      74.87913401657782
    ],
    [
      69.71811263843246,
      83.95596950374431
    ]
  ],
  "notes": {}
}
