{
  "id": "4",
  "contour_type": "uniform_bspline",
  "image_size": [
    132,
    327
  ],
  "pixel_scale_cm": 0.0855,
  "fit": {
    "degree": 3,
    "n_control_points": 13,
    "eval_n": 2000,
    "iou": 0.9216354344122658,
    "optimization_metric": "iou",
    "metric_value": 0.9216354344122658,
    "hausdorff_px": 0.0,
    "knot_params": null
  },
  "control_points": [
    [
      88.55707087491493,
      92.47132761378586
    ],
    [
      89.35257043268533,
      100.39106695911438
    ],
    [
      88.62617573009705,
      109.26411687142699
    ],
    [
      89.17192825685902,
      116.57751955031084
    ],
    [
      100.25095710402815,
      114.53599372328453
    ],
    [
      107.0233765303253,
      114.92761688885116
    ],
    [
      103.98183827445885,
      104.56350699793961
    ],
    [
      103.24588522439952,
      98.21746030296671
    ],
    [
      101.24314581750879,
      90.08004745539617
    ],
    [
      98.66556881598807,
      83.29368484411073
    ],
    [
      97.81112781104244,
      75.13334794692263
    ],
    [
      87.17549450225525,
      75.2195572796954
    ],
    [
      89.7598842452901,
      84.33947260085442
    ]
  ],
  "notes": {}
}
