{
  "id": "5",
  "contour_type": "uniform_bspline",
  "image_size": [
    132,
    327
  ],
  "pixel_scale_cm": 0.0855,
  "fit": {
    "degree": 3,
    "n_control_points": 17,
    "eval_n": 2000,
    "iou": 0.932527693856999,
    "optimization_metric": "iou",
    "metric_value": 0.932527693856999,
    "hausdorff_px": 0.0,
    "knot_params": null
  },
  "control_points": [
    [
      47.90064720480458,
      161.0270956723469
    ],
    [
      50.140993466863,
      169.98062137020256
    ],
    [
      52.00271609443529,
      178.18900983603706
    ],
    [
      53.250805224398896,
      186.93434996330882
    ],
    [
      54.72624158338031,
      195.76475917916886
    ],
    [
      52.78930424005117,
      205.55972290521396
    ],
    [
      66.2530059454193,
      206.38211884427713
    ],
    [
      64.61256119908683,
      196.8594592027226
    ],
    [
      65.25016154251674,
      187.37993649126912
    ],
    [
      64.72149986304372,
      178.4529799200265
    ],
    [
      65.4278564064973,
      168.734830498445
    ],
    [
      64.24276404135695,
      160.30262090157964
    ],
    [
      66.44377692761726,
      149.5596525597188
    ],
    [
      61.974966022243514,
      143.12773260903444
    ],
    [
      51.26053897510704,
      146.18736248572284
    ],
    [
      40.878365679905215,
      143.4169028373694
    ],
    [
      45.95371206223026,
      153.94185275984978
    ]
  ],
  "notes": {}
}
