{
  "id": "6",
  "contour_type": "uniform_bspline",
  "image_size": [
    132,
    327
  ],
  "pixel_scale_cm": 0.0855,
  "fit": {
    "degree": 3,
    "n_control_points": 18,
    "eval_n": 2000,
    "iou": 0.9053030303030303,
    "optimization_metric": "iou",
    "metric_value": 0.9053030303030303,
    "hausdorff_px": 0.0,
    "knot_params": null
  },
  "control_points": [
    [
      70.75326150055326,
      158.84947727326954
    ],
    [
      72.56899409086857,
      165.91488195916523
    ],
    [
      71.21660534234904,
      173.9991870362395
    ],
    [
      72.33936502393436,
      181.43719152725717
    ],
    [
      71.73720893774323,
      189.79452571833002
    ],
    [
      72.37651465632462,
      198.46065617693253
    ],
    [
      70.85845532547144,
      206.024243075641
    ],
    [
      84.06351351150842,
      205.9850947449443
    ],
    [
      82.73018449649534,
      198.60407565695343
    ],
    [
      83.07698092540319,
      189.71930233217623
    ],
    [
      83.03102537488866,
      181.71764027452465
    ],
    [
      82.85482851261644,
      173.60474861183212
    ],
    [
      83.31835138694122,
      164.81868126695204
    ],
    [
      82.36982112762284,
      157.78355079991672
    ],
    [
      84.27961895100033,
      147.09070221628474
    ],
    [
      79.95229237048822,
      144.35294188855056
    ],
    [
      68.57277248197663,
      144.17546875528083
    ],
    [
      72.38134001741419,
      153.71224014889344
    ]
  ],
  "notes": {}
}
