{
  "id": "7",
  "contour_type": "uniform_bspline",
  "image_size": [
    132,
    327
  ],
  "pixel_scale_cm": 0.0855,
  "fit": {
    "degree": 3,
    "n_control_points": 17,
    "eval_n": 2000,
    "iou": 0.9172185430463576,
    "optimization_metric": "iou",
    "metric_value": 0.9172185430463576,
    "hausdorff_px": 0.0,
    "knot_params": null
  },
  "control_points": [
    [
      90.44272319915754,
      175.94180624718805
    ],
    [
      89.83491766211753,
      181.6853671777653
    ],
    [
      89.96239130010686,
      188.8930721416912
    ],
    [
      90.25761398926706,
      194.33630566892288
    ],
    [
      89.39316266721524,
      202.59695271654425
    ],
    [
      91.32099142516819,
      205.6678541326718
    ],
    [
      100.84991628193492,
      205.30282878158224
    ],
    [
      103.81708541766106,
      203.56634175209928
    ],
    [
      102.63035445372574,
      194.89760852771118
    ],
    [
      103.14474259728128,
      189.5983637905993
    ],
    [
      103.02450923578647,
      182.40251693007096
    ],
    [
      102.69640942246724,
      176.4356766482301
    ],
    [
      104.89021132972046,
      170.01836571590474
    ],
    [
      103.02597339054152,
      163.7930642319861
    ],
    [
      97.38630272904076,
      166.76714312202915
    ],
    [
      92.4162472066141,
      164.17205487696853
    ],
    [
      89.03020474004924,
      168.37839870063854
    ]
  ],
  "notes": {}
}
