{
  "id": "8",
  "contour_type": "uniform_bspline",
  "image_size": [
    132,
    327
  ],
  "pixel_scale_cm": 0.0855,
  "fit": {
    "degree": 3,
    "n_control_points": 19,
    "eval_n": 2000,
    "iou": 0.9408914728682171,
    "optimization_metric": "iou",
    "metric_value": 0.9408914728682171,
    "hausdorff_px": 0.0,
    "knot_params": null
  },
  "control_points": [
    [
      54.65644840475893,
      266.8931293885739
    ],
    [
      54.58787946013847,
      272.3100539728532
    ],
    [
      55.16200364336613,
      279.55924550891507
    ],
    [
      54.87745106958299,
      286.9210243889826
    ],
    [
      57.038450537718944,
      292.76599628100047
    ],
    [
      61.3677670063239,
      299.0965071866129
    ],
    [
      66.19697803777849,
      302.1740196420552
    ],
    [
      74.29790119376813,
      306.8987123146465
    ],
    [
      75.53570073557769,
      300.05230180660766
    ],
    [
      74.66132148736503,
      292.51891979997
    ],
    [
      75.2564319029414,
      285.47835530581534
    ],
    [
      74.72474771041401,
      278.42753840862133
    ],
    [
      75.40656189325613,
      270.85592555393777
    ],
    [
      74.28383242508411,
      264.57030971208565
    ],
    [
      76.43133398829099,
      255.56764875816833
    ],
    [
      71.33742932499321,
      252.98956381615065
    ],
    [
      63.271836523501015,
      254.84204750513243
    ],
    [
      56.01487734480703,
      252.7701452703246
    ],
    [
      53.01626847805509,
      258.955188522733
    ]
  ],
  "notes": {}
}
