{
  "id": "9",
  "contour_type": "uniform_bspline",
  "image_size": [
    132,
    327
  ],
  "pixel_scale_cm": 0.0855,
  "fit": {
    "degree": 3,
    "n_control_points": 19,
    "eval_n": 2000,
    "iou": 0.9311377245508982,
    "optimization_metric": "iou",
    "metric_value": 0.9311377245508982,
    "hausdorff_px": 0.0,
    "knot_params": null
  },
  "control_points": [
    [
      83.33927751486236,
      266.534179595344
    ],
    [
      83.73451309237477,
      272.01225645920886
    ],
    [
      84.27753982438253,
      279.08613380052867
    ],
    [
      83.62185210436965,
      286.9175768290327
    ],
    [
      84.64292928389264,
      293.06871731790886
    ],
    [
      82.72106034648175,
      302.480861509972
    ],
    [
      87.31558364758462,
      304.8536916314463
    ],
    [
      94.69443069513387,
      299.8298598356171
    ],
    [
      98.67814712376294,
      295.9422443667435
    ],
    [
      102.74625529658553,
      289.5454647724781
    ],
    [
      102.95906105657636,
      282.74314596643194
    ],
    [
      104.1604326233715,
      275.9346898197103
    ],
    [
      104.09784583636667,
      268.41492731509317
    ],
    [
      103.62543041661527,
      261.67050285671525
    ],
    [
      105.18033195533768,
      253.00300032948516
    ],
    [
      96.38262045680713,
      254.17523241074767
    ],
    [
      89.93564043159641,
      254.2295663946708
    ],
    [
      81.3886140215774,
      252.9145929659694
    ],
    [
      83.80005106258987,
      261.74060357184436
    ]
  ],
  "notes": {}
}
