{
  "id": "base",
  "contour_type": "uniform_bspline",
  "image_size": [
    132,
    327
  ],
  "pixel_scale_cm": 0.0855,
  "fit": {
    "degree": 3,
    "n_control_points": 31,
    "eval_n": 2000,
    "iou": 0.9866189380380125,
    "optimization_metric": "iou",
    "metric_value": 0.9866189380380125,
    "hausdorff_px": 0.0,
    "knot_params": null
  },
  "control_points": [
    [
      12.444277114208361,
      39.6296809531483
    ],
    [
      12.211120214290347,
      62.52017205770071
    ],
    [
      11.781830500767404,
      86.6190758857434
    ],
    [
      16.80047167359044,
      108.31534780197939
    ],
    [
      23.150071653861698,
      129.50253197217612
    ],
    [
      34.314160900809796,
      148.66227108521622
    ],
    [
      41.07261338844931,
      169.69383746084517
    ],
    [
      44.43575560605591,
      192.0510094805855
    ],
    [
      45.22846704197568,
      215.6202744229936
    ],
    [
      44.7960788176214,
      239.42309834808856
    ],
    [
      45.29485927804313,
      263.3545559643811
    ],
    [
      44.424686866022924,
      286.86276890906316
    ],
    [
      54.6677009777784,
      307.8670705078739
    ],
    [
      77.58546904630165,
      317.09679801167505
    ],
    [
      97.65552716355727,
      309.8281177807348
    ],
    [
      113.63066652038671,
      293.0598402482496
    ],
    [
      114.78036709624563,
      269.3091958203396
    ],
    [
      114.6189181653927,
      247.36295283084448
    ],
    [
      113.91945328630078,
      223.0227840696015
    ],
    [
      112.54196786341554,
      199.90706022546388
    ],
    [
      113.72642739607943,
      176.32872533296256
    ],
    [
      117.96689756776416,
      153.98348773949414
    ],
    [
      120.38768215073716,
      132.43423309119092
    ],
    [
      119.82628149025471,
      108.26903423672472
    ],
    [
      113.81689286694525,
      87.16128826648269
    ],
    [
      106.61758886226687,
      66.25729570305182
    ],
    [
      95.26820822009363,
      47.17902516784994
    ],
    [
      82.44854283319575,
      28.683947982440223
    ],
    [
      63.53426727351761,
      12.970794723570135
    ],
    [
      43.848861672067336,
      10.615849470793496
    ],
    [
      23.698623443436137,
      18.680109567701432
    ]
  ],
  "notes": {}
}
